route_name,day_label,month,share,n
9,Sun,1,0.0,32
9,Sun,2,0.0,35
9,Sun,3,0.0,36
9,Sun,4,0.0,18
9,Sun,5,0.0,14
9,Sun,6,0.0,29
9,Sun,7,0.09090909090909091,33
9,Sun,8,0.0,12
9,Sun,9,0.0,31
9,Sun,10,0.03571428571428571,28
9,Sun,11,0.0,23
9,Sun,12,0.0,34
9,Mon,1,0.0,34
9,Mon,2,0.0,35
9,Mon,3,0.0,26
9,Mon,4,0.0,13
9,Mon,5,0.8461538461538461,13
9,Mon,6,0.15,20
9,Mon,7,0.0,35
9,Mon,8,0.0,11
9,Mon,9,0.0,35
9,Mon,10,0.17391304347826086,23
9,Mon,11,0.045454545454545456,22
9,Mon,12,0.0,31
9,Tue,1,0.0,33
9,Tue,2,0.0,28
9,Tue,3,0.0,24
9,Tue,4,0.0,18
9,Tue,5,0.5,10
9,Tue,6,0.0,18
9,Tue,7,0.0,33
9,Tue,8,0.0,11
9,Tue,9,0.06666666666666667,30
9,Tue,10,0.0,35
9,Tue,11,0.0,27
9,Tue,12,0.0,35
9,Wed,1,0.058823529411764705,34
9,Wed,2,0.0,21
9,Wed,3,0.0,27
9,Wed,4,0.0,8
9,Wed,5,0.0,29
9,Wed,6,0.0,12
9,Wed,7,0.0,36
9,Wed,8,0.0,10
9,Wed,9,0.0,25
9,Wed,10,0.0,19
9,Wed,11,0.5517241379310345,29
9,Wed,12,0.15625,32
9,Thu,1,0.0,34
9,Thu,2,0.0,36
9,Thu,3,0.0,31
9,Thu,4,0.0,9
9,Thu,5,0.0,28
9,Thu,6,0.03125,32
9,Thu,7,0.03333333333333333,30
9,Thu,8,0.0,12
9,Thu,9,0.0,32
9,Thu,10,0.0,6
9,Thu,11,0.0,30
9,Thu,12,0.0,28
9,Fri,1,0.0,16
9,Fri,2,0.0,17
9,Fri,3,0.0,16
9,Fri,4,0.0,10
9,Fri,5,0.0,17
9,Fri,6,0.0,22
9,Fri,7,0.0,22
9,Fri,8,0.0,0
9,Fri,9,0.0,16
9,Fri,10,0.0,5
9,Fri,11,0.0,16
9,Fri,12,0.0,16
9,Sat,1,0.5,10
9,Sat,2,0.8,10
9,Sat,3,0.8,10
9,Sat,4,1.0,3
9,Sat,5,1.0,3
9,Sat,6,1.0,6
9,Sat,7,1.0,6
9,Sat,8,0.8333333333333334,6
9,Sat,9,1.0,7
9,Sat,10,1.0,6
9,Sat,11,0.9,10
9,Sat,12,0.6,5
14,Sun,1,0.0,33
14,Sun,2,0.0,33
14,Sun,3,0.0,32
14,Sun,4,0.0,25
14,Sun,5,0.0,33
14,Sun,6,0.0,33
14,Sun,7,0.0,33
14,Sun,8,0.0,8
14,Sun,9,0.0,21
14,Sun,10,0.0,33
14,Sun,11,0.0,24
14,Sun,12,0.0,33
14,Mon,1,0.0,33
14,Mon,2,0.0,33
14,Mon,3,0.0,30
14,Mon,4,0.0,28
14,Mon,5,0.0,26
14,Mon,6,0.0,20
14,Mon,7,0.0,33
14,Mon,8,0.0,8
14,Mon,9,0.0,24
14,Mon,10,0.0,26
14,Mon,11,0.0,23
14,Mon,12,0.0,31
14,Tue,1,0.0,32
14,Tue,2,0.0,23
14,Tue,3,0.0,28
14,Tue,4,0.0,31
14,Tue,5,0.0,27
14,Tue,6,0.0,21
14,Tue,7,0.0,33
14,Tue,8,0.0,7
14,Tue,9,0.0,15
14,Tue,10,0.0,33
14,Tue,11,0.0,30
14,Tue,12,0.0,33
14,Wed,1,0.0,33
14,Wed,2,0.0,28
14,Wed,3,0.0,31
14,Wed,4,0.0,24
14,Wed,5,0.0,33
14,Wed,6,0.0,17
14,Wed,7,0.0,33
14,Wed,8,0.0,8
14,Wed,9,0.0,16
14,Wed,10,0.0,21
14,Wed,11,0.0,29
14,Wed,12,0.0,30
14,Thu,1,0.0,33
14,Thu,2,0.0,33
14,Thu,3,0.0,31
14,Thu,4,0.0,30
14,Thu,5,0.0,33
14,Thu,6,0.0,33
14,Thu,7,0.0,32
14,Thu,8,0.0,8
14,Thu,9,0.0,16
14,Thu,10,0.0,7
14,Thu,11,0.0,33
14,Thu,12,0.0,33
14,Fri,1,0.0,18
14,Fri,2,0.0,18
14,Fri,3,0.0,16
14,Fri,4,0.0,22
14,Fri,5,0.0,24
14,Fri,6,0.0,22
14,Fri,7,0.0,22
14,Fri,8,0.0,0
14,Fri,9,0.0,9
14,Fri,10,0.0,5
14,Fri,11,0.0,19
14,Fri,12,0.0,18
14,Sat,1,0.0,9
14,Sat,2,0.0,9
14,Sat,3,0.0,7
14,Sat,4,0.0,3
14,Sat,5,0.0,4
14,Sat,6,0.0,5
14,Sat,7,0.0,4
14,Sat,8,0.0,5
14,Sat,9,0.0,3
14,Sat,10,0.0,7
14,Sat,11,0.0,9
14,Sat,12,0.0,0
15,Sun,1,0.0,20
15,Sun,2,0.0,0
15,Sun,3,0.0,20
15,Sun,4,0.0,20
15,Sun,5,0.0,20
15,Sun,6,0.0,20
15,Sun,7,0.0,20
15,Sun,8,0.0,7
15,Sun,9,0.0,20
15,Sun,10,0.0,20
15,Sun,11,0.0,20
15,Sun,12,0.0,20
15,Mon,1,0.0,20
15,Mon,2,0.0,0
15,Mon,3,0.0,20
15,Mon,4,0.0,20
15,Mon,5,0.15,20
15,Mon,6,0.0,20
15,Mon,7,0.0,20
15,Mon,8,0.0,7
15,Mon,9,0.0,20
15,Mon,10,0.0,20
15,Mon,11,0.0,20
15,Mon,12,0.0,20
15,Tue,1,0.0,20
15,Tue,2,0.0,0
15,Tue,3,0.0,20
15,Tue,4,0.0,20
15,Tue,5,0.05,20
15,Tue,6,0.0,20
15,Tue,7,0.0,20
15,Tue,8,0.0,7
15,Tue,9,0.0,20
15,Tue,10,0.0,20
15,Tue,11,0.0,20
15,Tue,12,0.0,20
15,Wed,1,0.0,20
15,Wed,2,0.0,0
15,Wed,3,0.0,20
15,Wed,4,0.0,20
15,Wed,5,0.0,20
15,Wed,6,0.0,20
15,Wed,7,0.0,20
15,Wed,8,0.0,7
15,Wed,9,0.0,20
15,Wed,10,0.0,20
15,Wed,11,0.0,20
15,Wed,12,0.0,20
15,Thu,1,0.0,20
15,Thu,2,0.0,0
15,Thu,3,0.0,20
15,Thu,4,0.0,20
15,Thu,5,0.0,20
15,Thu,6,0.0,20
15,Thu,7,0.0,20
15,Thu,8,0.0,7
15,Thu,9,0.0,20
15,Thu,10,0.0,19
15,Thu,11,0.0,20
15,Thu,12,0.0,20
15,Fri,1,0.0,10
15,Fri,2,0.0,0
15,Fri,3,0.0,12
15,Fri,4,0.0,13
15,Fri,5,0.0,14
15,Fri,6,0.0,12
15,Fri,7,0.0,12
15,Fri,8,0.0,0
15,Fri,9,0.0,11
15,Fri,10,0.0,11
15,Fri,11,0.0,10
15,Fri,12,0.0,10
15,Sat,1,0.0,7
15,Sat,2,0.0,0
15,Sat,3,0.0,5
15,Sat,4,0.0,4
15,Sat,5,0.0,3
15,Sat,6,0.0,4
15,Sat,7,0.0,4
15,Sat,8,0.0,5
15,Sat,9,0.0,5
15,Sat,10,0.0,5
15,Sat,11,0.0,7
15,Sat,12,0.0,7
17,Sun,1,0.0,21
17,Sun,2,0.0,21
17,Sun,3,0.0,23
17,Sun,4,0.0,16
17,Sun,5,0.6,10
17,Sun,6,0.0,21
17,Sun,7,0.0625,16
17,Sun,8,0.0,4
17,Sun,9,0.0,26
17,Sun,10,0.05263157894736842,19
17,Sun,11,0.0,10
17,Sun,12,0.0,25
17,Mon,1,0.0,24
17,Mon,2,0.0,21
17,Mon,3,0.0,16
17,Mon,4,0.2,15
17,Mon,5,0.9,10
17,Mon,6,0.2857142857142857,7
17,Mon,7,0.0,22
17,Mon,8,0.25,4
17,Mon,9,0.0,31
17,Mon,10,0.5454545454545454,11
17,Mon,11,0.0,6
17,Mon,12,0.0,23
17,Tue,1,0.0,23
17,Tue,2,0.0,16
17,Tue,3,0.0,20
17,Tue,4,0.0,19
17,Tue,5,0.8571428571428571,7
17,Tue,6,0.0,10
17,Tue,7,0.0,30
17,Tue,8,0.0,4
17,Tue,9,0.05263157894736842,19
17,Tue,10,0.034482758620689655,29
17,Tue,11,0.0,17
17,Tue,12,0.0,28
17,Wed,1,0.0,22
17,Wed,2,0.0,15
17,Wed,3,0.05,20
17,Wed,4,0.21428571428571427,14
17,Wed,5,0.125,16
17,Wed,6,0.0,1
17,Wed,7,0.0,28
17,Wed,8,0.0,4
17,Wed,9,0.0,15
17,Wed,10,0.0,21
17,Wed,11,0.6666666666666666,21
17,Wed,12,0.19047619047619047,21
17,Thu,1,0.043478260869565216,23
17,Thu,2,0.03333333333333333,30
17,Thu,3,0.0,20
17,Thu,4,0.375,16
17,Thu,5,0.0625,16
17,Thu,6,0.0,18
17,Thu,7,0.05263157894736842,19
17,Thu,8,0.0,6
17,Thu,9,0.05,20
17,Thu,10,0.0,3
17,Thu,11,0.0,21
17,Thu,12,0.05,20
17,Fri,1,0.0625,16
17,Fri,2,0.0,15
17,Fri,3,0.8181818181818182,11
17,Fri,4,0.07142857142857142,14
17,Fri,5,0.09090909090909091,11
17,Fri,6,0.0,16
17,Fri,7,0.0,16
17,Fri,8,0.0,0
17,Fri,9,0.0,12
17,Fri,10,0.0,0
17,Fri,11,0.125,16
17,Fri,12,0.0,15
17,Sat,1,0.45454545454545453,11
17,Sat,2,0.6,10
17,Sat,3,0.75,8
17,Sat,4,1.0,4
17,Sat,5,1.0,3
17,Sat,6,1.0,6
17,Sat,7,0.8571428571428571,7
17,Sat,8,1.0,6
17,Sat,9,1.0,8
17,Sat,10,1.0,8
17,Sat,11,0.8,10
17,Sat,12,0.0,1
19,Sun,1,0.0,43
19,Sun,2,0.0,38
19,Sun,3,0.0,38
19,Sun,4,0.0,37
19,Sun,5,0.43478260869565216,23
19,Sun,6,0.0,43
19,Sun,7,0.11904761904761904,42
19,Sun,8,0.0,16
19,Sun,9,0.0,43
19,Sun,10,0.14634146341463414,41
19,Sun,11,0.025,40
19,Sun,12,0.0,43
19,Mon,1,0.0,43
19,Mon,2,0.0,43
19,Mon,3,0.0,41
19,Mon,4,0.175,40
19,Mon,5,0.8461538461538461,26
19,Mon,6,0.21621621621621623,37
19,Mon,7,0.0,43
19,Mon,8,0.0,16
19,Mon,9,0.023255813953488372,43
19,Mon,10,0.5,42
19,Mon,11,0.0,43
19,Mon,12,0.0,43
19,Tue,1,0.0,43
19,Tue,2,0.0,41
19,Tue,3,0.0,42
19,Tue,4,0.05,40
19,Tue,5,0.64,25
19,Tue,6,0.18421052631578946,38
19,Tue,7,0.023255813953488372,43
19,Tue,8,0.0,17
19,Tue,9,0.0,41
19,Tue,10,0.0,41
19,Tue,11,0.0,43
19,Tue,12,0.0,41
19,Wed,1,0.0,43
19,Wed,2,0.0,41
19,Wed,3,0.0,42
19,Wed,4,0.2926829268292683,41
19,Wed,5,0.075,40
19,Wed,6,0.0,33
19,Wed,7,0.0,43
19,Wed,8,0.0,17
19,Wed,9,0.023809523809523808,42
19,Wed,10,0.06060606060606061,33
19,Wed,11,0.5116279069767442,43
19,Wed,12,0.1951219512195122,41
19,Thu,1,0.0,43
19,Thu,2,0.0,43
19,Thu,3,0.0,28
19,Thu,4,0.3157894736842105,38
19,Thu,5,0.0,41
19,Thu,6,0.06976744186046512,43
19,Thu,7,0.046511627906976744,43
19,Thu,8,0.0,17
19,Thu,9,0.0,43
19,Thu,10,0.06451612903225806,31
19,Thu,11,0.0,43
19,Thu,12,0.0,43
19,Fri,1,0.0,24
19,Fri,2,0.0,25
19,Fri,3,0.0,18
19,Fri,4,0.0,26
19,Fri,5,0.0,26
19,Fri,6,0.0,24
19,Fri,7,0.0,24
19,Fri,8,0.0,0
19,Fri,9,0.0,21
19,Fri,10,0.06666666666666667,15
19,Fri,11,0.05,20
19,Fri,12,0.0,20
19,Sat,1,0.5555555555555556,9
19,Sat,2,0.6,10
19,Sat,3,0.75,4
19,Sat,4,0.75,4
19,Sat,5,1.0,3
19,Sat,6,0.6666666666666666,6
19,Sat,7,1.0,6
19,Sat,8,0.8333333333333334,6
19,Sat,9,0.875,8
19,Sat,10,0.875,8
19,Sat,11,0.7,10
19,Sat,12,0.0,0
22,Sun,1,0.0,20
22,Sun,2,0.0,20
22,Sun,3,0.0,18
22,Sun,4,0.0,14
22,Sun,5,0.3157894736842105,19
22,Sun,6,0.0,19
22,Sun,7,0.05555555555555555,18
22,Sun,8,0.0,6
22,Sun,9,0.0,19
22,Sun,10,0.05555555555555555,18
22,Sun,11,0.0,14
22,Sun,12,0.0,19
22,Mon,1,0.0,19
22,Mon,2,0.0,19
22,Mon,3,0.0,18
22,Mon,4,0.125,16
22,Mon,5,0.9411764705882353,17
22,Mon,6,0.13333333333333333,15
22,Mon,7,0.0,18
22,Mon,8,0.0,6
22,Mon,9,0.0,19
22,Mon,10,0.5,18
22,Mon,11,0.0,17
22,Mon,12,0.0,19
22,Tue,1,0.0,19
22,Tue,2,0.0,14
22,Tue,3,0.16666666666666666,18
22,Tue,4,0.0,19
22,Tue,5,0.75,16
22,Tue,6,0.0,14
22,Tue,7,0.05263157894736842,19
22,Tue,8,0.0,6
22,Tue,9,0.0,17
22,Tue,10,0.0,19
22,Tue,11,0.0,18
22,Tue,12,0.0,19
22,Wed,1,0.0,19
22,Wed,2,0.0,17
22,Wed,3,0.05263157894736842,19
22,Wed,4,0.1875,16
22,Wed,5,0.05263157894736842,19
22,Wed,6,0.1,10
22,Wed,7,0.0,19
22,Wed,8,0.0,6
22,Wed,9,0.0,18
22,Wed,10,0.0,11
22,Wed,11,0.5263157894736842,19
22,Wed,12,0.21052631578947367,19
22,Thu,1,0.0,19
22,Thu,2,0.0,19
22,Thu,3,0.0,19
22,Thu,4,0.42105263157894735,19
22,Thu,5,0.0,19
22,Thu,6,0.11764705882352941,17
22,Thu,7,0.058823529411764705,17
22,Thu,8,0.0,6
22,Thu,9,0.0,19
22,Thu,10,0.0,8
22,Thu,11,0.0,19
22,Thu,12,0.0,19
22,Fri,1,0.0,9
22,Fri,2,0.0,9
22,Fri,3,0.0,8
22,Fri,4,0.0,10
22,Fri,5,0.0,11
22,Fri,6,0.0,11
22,Fri,7,0.0,11
22,Fri,8,0.0,0
22,Fri,9,0.0,8
22,Fri,10,0.0,4
22,Fri,11,0.0,9
22,Fri,12,0.0,9
22,Sat,1,0.5,6
22,Sat,2,0.6,5
22,Sat,3,0.75,4
22,Sat,4,0.5,2
22,Sat,5,1.0,3
22,Sat,6,0.6666666666666666,3
22,Sat,7,0.6666666666666666,3
22,Sat,8,0.6666666666666666,3
22,Sat,9,1.0,3
22,Sat,10,0.75,4
22,Sat,11,0.8,5
22,Sat,12,0.0,1
97,Sun,1,0.0,40
97,Sun,2,0.0,40
97,Sun,3,0.027777777777777776,36
97,Sun,4,0.0,32
97,Sun,5,0.0,39
97,Sun,6,0.0,38
97,Sun,7,0.025,40
97,Sun,8,0.0,12
97,Sun,9,0.02564102564102564,39
97,Sun,10,0.0,38
97,Sun,11,0.0,31
97,Sun,12,0.0,40
97,Mon,1,0.0,40
97,Mon,2,0.0,33
97,Mon,3,0.0,36
97,Mon,4,0.029411764705882353,34
97,Mon,5,0.0,35
97,Mon,6,0.03225806451612903,31
97,Mon,7,0.0,40
97,Mon,8,0.0,13
97,Mon,9,0.02702702702702703,37
97,Mon,10,0.0,39
97,Mon,11,0.08571428571428572,35
97,Mon,12,0.0,39
97,Tue,1,0.0,40
97,Tue,2,0.0,37
97,Tue,3,0.0,38
97,Tue,4,0.0,38
97,Tue,5,0.0,36
97,Tue,6,0.12121212121212122,33
97,Tue,7,0.0,39
97,Tue,8,0.0,13
97,Tue,9,0.0,39
97,Tue,10,0.0,38
97,Tue,11,0.0,37
97,Tue,12,0.0,40
97,Wed,1,0.0,40
97,Wed,2,0.0,38
97,Wed,3,0.0,25
97,Wed,4,0.038461538461538464,26
97,Wed,5,0.02564102564102564,39
97,Wed,6,0.0,31
97,Wed,7,0.025,40
97,Wed,8,0.0,14
97,Wed,9,0.0,38
97,Wed,10,0.0,30
97,Wed,11,0.35135135135135137,37
97,Wed,12,0.1388888888888889,36
97,Thu,1,0.0,40
97,Thu,2,0.0,40
97,Thu,3,0.0,26
97,Thu,4,0.0,38
97,Thu,5,0.0,40
97,Thu,6,0.0,40
97,Thu,7,0.0,40
97,Thu,8,0.0,14
97,Thu,9,0.0,36
97,Thu,10,0.0,24
97,Thu,11,0.0,40
97,Thu,12,0.0,39
97,Fri,1,0.0,22
97,Fri,2,0.14285714285714285,21
97,Fri,3,0.0625,16
97,Fri,4,0.0,22
97,Fri,5,0.0,24
97,Fri,6,0.0,22
97,Fri,7,0.0,22
97,Fri,8,0.0,0
97,Fri,9,0.0,22
97,Fri,10,0.0,6
97,Fri,11,0.0,20
97,Fri,12,0.05,20
97,Sat,1,0.5,12
97,Sat,2,0.6,10
97,Sat,3,0.8,10
97,Sat,4,1.0,7
97,Sat,5,1.0,4
97,Sat,6,1.0,7
97,Sat,7,0.75,8
97,Sat,8,0.5,8
97,Sat,9,0.7,10
97,Sat,10,0.4,10
97,Sat,11,0.6666666666666666,12
97,Sat,12,0.5,12
