route_name,direction_group,route_variant_id,count,n_stops,ref_n_stops,n_missing,missing_fraction,missing_stop_names,heuristic_label,cluster_id,in_display_set
9,direction_A,7,2,61,67,7,0.104,"['Unknown(1554)', 'Unknown(1545)', 'Unknown(1543)', 'Unknown(1077)', 'Unknown(1072)', 'Unknown(2407)', 'Unknown(2021)']",blocked,9_direction_A_cluster_1,False
9,direction_A,19,1,60,67,7,0.104,"['Unknown(1524)', 'Unknown(9918)', 'Unknown(9915)', 'Unknown(1836)', 'Unknown(5882)', 'Unknown(2402)', 'Unknown(2403)']",blocked,9_direction_A_cluster_2,False
9,direction_A,1,353,67,67,1,0.015,['Unknown(2021)'],regular,,True
9,direction_A,2,23,64,67,3,0.045,"['Unknown(1543)', 'Unknown(1077)', 'Unknown(1072)']",regular,,True
9,direction_A,3,11,64,67,4,0.06,"['Unknown(1543)', 'Unknown(1077)', 'Unknown(1072)', 'Unknown(2021)']",regular,,True
9,direction_A,4,5,62,67,6,0.09,"['Unknown(1554)', 'Unknown(1545)', 'Unknown(1543)', 'Unknown(1077)', 'Unknown(1072)', 'Unknown(2021)']",regular,,True
9,direction_A,5,5,65,67,3,0.045,"['Unknown(1077)', 'Unknown(1072)', 'Unknown(2021)']",regular,,True
9,direction_A,6,2,66,67,1,0.015,['Unknown(1543)'],regular,,False
9,direction_A,8,2,65,67,3,0.045,"['Unknown(1543)', 'Unknown(1077)', 'Unknown(2021)']",regular,,False
9,direction_A,9,2,65,67,2,0.03,"['Unknown(1543)', 'Unknown(1077)']",regular,,False
9,direction_A,10,1,66,67,2,0.03,"['Unknown(1543)', 'Unknown(2021)']",regular,,False
9,direction_A,11,1,64,67,4,0.06,"['Unknown(1545)', 'Unknown(1543)', 'Unknown(1077)', 'Unknown(2021)']",regular,,False
9,direction_A,12,1,65,67,3,0.045,"['Unknown(1545)', 'Unknown(1543)', 'Unknown(2021)']",regular,,False
9,direction_A,13,1,66,67,1,0.015,['Unknown(3374)'],regular,,False
9,direction_A,14,1,63,67,4,0.06,"['Unknown(1554)', 'Unknown(1543)', 'Unknown(1077)', 'Unknown(1072)']",regular,,False
9,direction_A,15,1,66,67,1,0.015,['Unknown(1545)'],regular,,False
9,direction_A,16,1,63,67,4,0.06,"['Unknown(1545)', 'Unknown(1543)', 'Unknown(1077)', 'Unknown(1072)']",regular,,False
9,direction_A,17,1,65,67,3,0.045,"['Unknown(1554)', 'Unknown(1545)', 'Unknown(2021)']",regular,,False
9,direction_A,18,1,62,67,5,0.075,"['Unknown(1554)', 'Unknown(1545)', 'Unknown(1543)', 'Unknown(1072)', 'Unknown(2021)']",regular,,False
9,direction_A,20,1,66,67,1,0.015,['Unknown(1072)'],regular,,False
9,direction_A,21,1,63,67,5,0.075,"['Unknown(1545)', 'Unknown(1543)', 'Unknown(1077)', 'Unknown(1072)', 'Unknown(2021)']",regular,,False
9,direction_B,2,43,56,63,7,0.111,"['Unknown(1787)', 'Unknown(1060)', ""עזה/רד''ק"", 'עזה/בלפור', ""רמב''ן/אבן עזרא"", ""קק''ל/אוסישקין"", 'אוסישקין/נרקיס']",blocked,9_direction_B_cluster_1,True
9,direction_B,4,11,56,63,9,0.143,"['Unknown(5853)', 'Unknown(9911)', 'Unknown(1787)', 'Unknown(1060)', ""עזה/רד''ק"", 'עזה/בלפור', ""רמב''ן/אבן עזרא"", ""קק''ל/אוסישקין"", 'אוסישקין/נרקיס']",blocked,9_direction_B_cluster_1,True
9,direction_B,1,246,63,63,2,0.032,"['Unknown(5853)', 'Unknown(9911)']",regular,,True
9,direction_B,3,37,64,63,1,0.016,['Unknown(5853)'],regular,,True
9,direction_B,5,1,61,63,2,0.032,"[""קק''ל/אוסישקין"", 'אוסישקין/נרקיס']",regular,,False
9,direction_B,6,1,60,63,3,0.048,"['Unknown(1060)', ""עזה/רד''ק"", 'עזה/בלפור']",regular,,False
9,direction_B,7,1,60,63,5,0.079,"['Unknown(5853)', 'Unknown(9911)', 'Unknown(1060)', ""עזה/רד''ק"", 'עזה/בלפור']",regular,,False
9,direction_B,8,1,58,63,5,0.079,"[""עזה/רד''ק"", 'עזה/בלפור', ""רמב''ן/אבן עזרא"", ""קק''ל/אוסישקין"", 'אוסישקין/נרקיס']",regular,,False
9,direction_B,9,1,62,63,1,0.016,['Unknown(1787)'],regular,,False
9,direction_B,10,1,62,63,1,0.016,['עזה/בלפור'],regular,,False
14,direction_A,7,1,34,40,6,0.15,"['Unknown(3103)', 'Unknown(1913)', 'Unknown(981)', 'Unknown(6128)', 'Unknown(1836)', 'Unknown(1522)']",blocked,14_direction_A_cluster_1,False
14,direction_A,8,1,36,40,4,0.1,"['Unknown(981)', 'Unknown(6128)', 'Unknown(1836)', 'Unknown(1522)']",blocked,14_direction_A_cluster_1,False
14,direction_A,1,1,39,40,1,0.025,['Unknown(1785)'],regular,,False
14,direction_A,2,1,38,40,2,0.05,"['Unknown(3103)', 'Unknown(6128)']",regular,,False
14,direction_A,3,1,39,40,1,0.025,['Unknown(981)'],regular,,False
14,direction_A,4,1,38,40,2,0.05,"['Unknown(981)', 'Unknown(6128)']",regular,,False
14,direction_A,5,1,37,40,3,0.075,"['Unknown(3103)', 'Unknown(6128)', 'Unknown(1836)']",regular,,False
14,direction_A,6,1,37,40,3,0.075,"['Unknown(981)', 'Unknown(6128)', 'Unknown(1836)']",regular,,False
14,direction_B,3,1,31,35,4,0.114,"['Unknown(9915)', 'Unknown(1836)', 'Unknown(5882)', 'Unknown(2406)']",blocked,14_direction_B_cluster_1,False
14,direction_B,1,4,34,35,1,0.029,['Unknown(3109)'],regular,,False
14,direction_B,2,1,34,35,1,0.029,['Unknown(9918)'],regular,,False
15,main,1,4,47,48,1,0.021,['בני בתירא/בן זכאי'],regular,,False
17,direction_A,2,27,41,47,6,0.128,"['עזה/הרב ברלין', ""עזה/רד''ק"", 'עזה/בלפור', ""רמב''ן/אבן עזרא"", ""קק''ל/אוסישקין"", 'אוסישקין/נרקיס']",blocked,17_direction_A_cluster_1,True
17,direction_A,3,14,42,47,6,0.128,"['עזה/הרב ברלין', ""עזה/רד''ק"", 'עזה/בלפור', ""רמב''ן/אבן עזרא"", ""קק''ל/אוסישקין"", 'אוסישקין/נרקיס']",blocked,17_direction_A_cluster_1,True
17,direction_A,9,1,40,47,7,0.149,"['עזה/הרב ברלין', ""עזה/רד''ק"", 'עזה/בלפור', ""רמב''ן/אבן עזרא"", ""קק''ל/אוסישקין"", 'אוסישקין/נרקיס', 'מסוף הר הצופים/מרטין בובר']",blocked,17_direction_A_cluster_1,True
17,direction_A,13,1,41,47,6,0.128,"[""רמב''ן/אבן עזרא"", ""קק''ל/אוסישקין"", 'אוסישקין/נרקיס', 'מחנה עופרית/מרטין בובר', 'אקדמיה בצלאל/מרטין בובר', 'מסוף הר הצופים/מרטין בובר']",blocked,17_direction_A_cluster_1,True
17,direction_A,1,199,48,47,0,0.0,[],regular,,True
17,direction_A,4,4,44,47,4,0.085,"['משרד המשפטים/צלאח א דין', 'דרך שכם/לואי ונסן', 'דרך שכם/טובלר', 'דרך הר הזיתים/נשאשיבי']",regular,,False
17,direction_A,5,3,44,47,3,0.064,"['מחנה עופרית/מרטין בובר', 'אקדמיה בצלאל/מרטין בובר', 'מסוף הר הצופים/מרטין בובר']",regular,,False
17,direction_A,6,2,46,47,1,0.021,['מסוף הר הצופים/מרטין בובר'],regular,,False
17,direction_A,7,1,46,47,2,0.043,"['עזה/בלפור', ""רמב''ן/אבן עזרא""]",regular,,True
17,direction_A,8,1,47,47,1,0.021,['גולומב/סן מרטין'],regular,,False
17,direction_A,10,1,46,47,1,0.021,['אקדמיה בצלאל/מרטין בובר'],regular,,False
17,direction_A,11,1,43,47,4,0.085,"[""דולצ'ין/נחמיה"", ""דולצ'ין/יורם רונן"", ""בי''ס היובל/דולצ'ין"", ""מרכז מסחרי/דולצ'ין""]",regular,,False
17,direction_A,12,1,44,47,3,0.064,"[""רמב''ן/אבן עזרא"", ""קק''ל/אוסישקין"", 'אוסישקין/נרקיס']",regular,,True
17,direction_A,14,1,45,47,2,0.043,"[""אריה דולצ'ין/יעקב צור"", ""דולצ'ין/נחמיה""]",regular,,False
17,direction_B,2,32,44,49,5,0.102,"['Unknown(1554)', 'Unknown(1545)', 'Unknown(1081)', 'Unknown(1077)', 'Unknown(1073)']",blocked,17_direction_B_cluster_1,True
17,direction_B,9,1,43,49,6,0.122,"['Unknown(1365)', 'Unknown(1554)', 'Unknown(1545)', 'Unknown(1081)', 'Unknown(1077)', 'Unknown(1073)']",blocked,17_direction_B_cluster_1,False
17,direction_B,15,1,44,49,5,0.102,"['Unknown(1366)', 'Unknown(1081)', 'Unknown(1077)', 'Unknown(1073)', 'Unknown(5955)']",blocked,17_direction_B_cluster_1,False
17,direction_B,16,1,43,49,6,0.122,"['Unknown(1366)', 'Unknown(1554)', 'Unknown(1545)', 'Unknown(1081)', 'Unknown(1077)', 'Unknown(1073)']",blocked,17_direction_B_cluster_1,False
17,direction_B,7,2,44,49,5,0.102,"['Unknown(2411)', 'Unknown(263)', 'Unknown(256)', 'Unknown(254)', 'Unknown(246)']",blocked,17_direction_B_cluster_2,False
17,direction_B,10,1,43,49,6,0.122,"['Unknown(2412)', 'Unknown(2411)', 'Unknown(263)', 'Unknown(256)', 'Unknown(254)', 'Unknown(246)']",blocked,17_direction_B_cluster_2,False
17,direction_B,14,1,43,49,6,0.122,"['Unknown(1365)', 'Unknown(2411)', 'Unknown(263)', 'Unknown(256)', 'Unknown(254)', 'Unknown(246)']",blocked,17_direction_B_cluster_2,False
17,direction_B,1,34,46,49,3,0.061,"['Unknown(1081)', 'Unknown(1077)', 'Unknown(1073)']",regular,,True
17,direction_B,3,10,48,49,1,0.02,['Unknown(1073)'],regular,,True
17,direction_B,4,4,48,49,1,0.02,['Unknown(1365)'],regular,,False
17,direction_B,5,2,47,49,2,0.041,"['Unknown(1077)', 'Unknown(1073)']",regular,,False
17,direction_B,6,2,46,49,3,0.061,"['Unknown(1431)', 'Unknown(1434)', 'Unknown(1073)']",regular,,False
17,direction_B,8,1,48,49,1,0.02,['Unknown(1554)'],regular,,False
17,direction_B,11,1,48,49,1,0.02,['Unknown(1077)'],regular,,False
17,direction_B,12,1,48,49,1,0.02,['Unknown(1081)'],regular,,False
17,direction_B,13,1,46,49,3,0.061,"['Unknown(256)', 'Unknown(254)', 'Unknown(246)']",regular,,False
19,direction_A,1,84,36,42,6,0.143,"['עזה/הרב ברלין', ""עזה/רד''ק"", 'עזה/בלפור', ""רמב''ן/אבן עזרא"", ""קק''ל/אוסישקין"", 'אוסישקין/נרקיס']",blocked,19_direction_A_cluster_1,True
19,direction_A,11,1,34,42,9,0.214,"['כניסה ראשית/הדסה עין כרם', 'מרכז הסטודנט/הדסה עין כרם', 'צומת אורה', 'עזה/הרב ברלין', ""עזה/רד''ק"", 'עזה/בלפור', ""רמב''ן/אבן עזרא"", ""קק''ל/אוסישקין"", 'אוסישקין/נרקיס']",blocked,19_direction_A_cluster_1,True
19,direction_A,17,1,35,42,7,0.167,"['עזה/הרב ברלין', ""עזה/רד''ק"", 'עזה/בלפור', ""רמב''ן/אבן עזרא"", ""קק''ל/אוסישקין"", 'אוסישקין/נרקיס', 'מחנה עופרית/מרטין בובר']",blocked,19_direction_A_cluster_1,True
19,direction_A,14,1,37,42,5,0.119,"[""אהרון קציר/שדרות צ'רצ'יל"", ""שד' צ'רצ'יל/קציר"", ""הדסה הר הצופים/שד' צ'רצ'יל"", 'מחנה עופרית/מרטין בובר', 'אקדמיה בצלאל/מרטין בובר']",blocked,19_direction_A_cluster_2,False
19,direction_A,2,37,40,42,3,0.071,"['כניסה ראשית/הדסה עין כרם', 'מרכז הסטודנט/הדסה עין כרם', 'צומת אורה']",regular,,True
19,direction_A,3,7,39,42,3,0.071,"[""רמב''ן/אבן עזרא"", ""קק''ל/אוסישקין"", 'אוסישקין/נרקיס']",regular,,True
19,direction_A,4,5,39,42,3,0.071,"['מחנה עופרית/מרטין בובר', 'אקדמיה בצלאל/מרטין בובר', 'מסוף הר הצופים/מרטין בובר']",regular,,True
19,direction_A,5,4,41,42,1,0.024,['מסוף הר הצופים/מרטין בובר'],regular,,False
19,direction_A,6,2,40,42,2,0.048,"[""קק''ל/אוסישקין"", 'אוסישקין/נרקיס']",regular,,True
19,direction_A,7,2,41,42,1,0.024,['אוסישקין/נרקיס'],regular,,True
19,direction_A,8,1,41,42,1,0.024,['עזה/הרב ברלין'],regular,,True
19,direction_A,9,1,39,42,3,0.071,"['עזה/הרב ברלין', ""עזה/רד''ק"", 'עזה/בלפור']",regular,,True
19,direction_A,10,1,38,42,4,0.095,"['עזה/בלפור', ""רמב''ן/אבן עזרא"", ""קק''ל/אוסישקין"", 'אוסישקין/נרקיס']",regular,,True
19,direction_A,12,1,41,42,1,0.024,"[""עזה/רד''ק""]",regular,,True
19,direction_A,13,1,40,42,2,0.048,"[""עזה/רד''ק"", 'עזה/בלפור']",regular,,True
19,direction_A,15,1,38,42,4,0.095,"[""אהרון קציר/שדרות צ'רצ'יל"", ""שד' צ'רצ'יל/קציר"", ""הדסה הר הצופים/שד' צ'רצ'יל"", ""האוניברסיטה העברית/שד' צ'רצ'יל""]",regular,,False
19,direction_A,16,1,38,42,4,0.095,"[""עזה/רד''ק"", ""רמב''ן/אבן עזרא"", ""קק''ל/אוסישקין"", 'אוסישקין/נרקיס']",regular,,True
19,direction_B,2,52,32,37,5,0.135,"['Unknown(1554)', 'Unknown(1545)', 'Unknown(1081)', 'Unknown(1077)', 'Unknown(1073)']",blocked,19_direction_B_cluster_1,True
19,direction_B,4,12,29,37,25,0.676,"['Unknown(1366)', 'Unknown(1365)', 'Unknown(1369)', 'Unknown(1431)', 'Unknown(1434)', 'Unknown(394)', 'Unknown(1854)', 'Unknown(9808)', 'Unknown(2815)', 'Unknown(2816)', 'Unknown(1956)', 'Unknown(2364)', 'Unknown(2836)', 'Unknown(9863)', 'Unknown(3541)', 'Unknown(1570)', 'Unknown(1574)', 'Unknown(1554)', 'Unknown(1545)', 'Unknown(1081)', 'Unknown(1077)', 'Unknown(1073)', 'Unknown(1523)', 'Unknown(978)', 'Unknown(1512)']",ambiguous,19_direction_B_cluster_1,True
19,direction_B,5,12,12,37,25,0.676,"['Unknown(1366)', 'Unknown(1365)', 'Unknown(1369)', 'Unknown(1431)', 'Unknown(1434)', 'Unknown(394)', 'Unknown(1854)', 'Unknown(9808)', 'Unknown(2815)', 'Unknown(2816)', 'Unknown(1956)', 'Unknown(2364)', 'Unknown(2836)', 'Unknown(9863)', 'Unknown(3541)', 'Unknown(1570)', 'Unknown(1574)', 'Unknown(1554)', 'Unknown(1545)', 'Unknown(1081)', 'Unknown(1077)', 'Unknown(1073)', 'Unknown(1523)', 'Unknown(978)', 'Unknown(1512)']",ambiguous,19_direction_B_cluster_1,False
19,direction_B,8,2,31,37,6,0.162,"['Unknown(1365)', 'Unknown(1554)', 'Unknown(1545)', 'Unknown(1081)', 'Unknown(1077)', 'Unknown(1073)']",blocked,19_direction_B_cluster_1,False
19,direction_B,10,1,33,37,4,0.108,"['Unknown(1554)', 'Unknown(1081)', 'Unknown(1077)', 'Unknown(1073)']",blocked,19_direction_B_cluster_1,False
19,direction_B,1,62,34,37,3,0.081,"['Unknown(1081)', 'Unknown(1077)', 'Unknown(1073)']",regular,,True
19,direction_B,3,17,36,37,1,0.027,['Unknown(1073)'],regular,,True
19,direction_B,6,2,35,37,2,0.054,"['Unknown(1081)', 'Unknown(1073)']",regular,,False
19,direction_B,7,2,36,37,1,0.027,['Unknown(1081)'],regular,,False
19,direction_B,9,1,35,37,2,0.054,"['Unknown(1081)', 'Unknown(1077)']",regular,,False
19,direction_B,11,1,36,37,1,0.027,['Unknown(1365)'],regular,,False
22,direction_A,3,2,47,55,8,0.145,"['עזה/הרב ברלין', ""עזה/רד''ק"", 'עזה/בלפור', ""המלך ג'ורג'/קק''ל"", 'שטראוס/פראג', 'ככר השבת/שטראוס', 'יחזקאל/הושע', 'יחזקאל/רבנו גרשום']",blocked,22_direction_A_cluster_1,True
22,direction_A,10,1,49,55,6,0.109,"['עזה/הרב ברלין', ""עזה/רד''ק"", 'עזה/בלפור', ""המלך ג'ורג'/קק''ל"", ""המלך ג'ורג'/בן יהודה"", 'שטראוס/פראג']",blocked,22_direction_A_cluster_1,True
22,direction_A,1,96,51,55,4,0.073,"['עזה/הרב ברלין', ""עזה/רד''ק"", 'עזה/בלפור', ""המלך ג'ורג'/קק''ל""]",regular,,True
22,direction_A,2,2,54,55,1,0.018,['עזה/הרב ברלין'],regular,,True
22,direction_A,4,2,52,55,3,0.055,"[""עזה/רד''ק"", 'עזה/בלפור', ""המלך ג'ורג'/קק''ל""]",regular,,True
22,direction_A,5,2,51,55,4,0.073,"['שטראוס/פראג', 'ככר השבת/שטראוס', 'יחזקאל/הושע', 'יחזקאל/רבנו גרשום']",regular,,False
22,direction_A,6,1,52,55,3,0.055,"['ככר השבת/שטראוס', 'יחזקאל/הושע', 'יחזקאל/רבנו גרשום']",regular,,False
22,direction_A,7,1,53,55,2,0.036,"['עזה/הרב ברלין', ""עזה/רד''ק""]",regular,,True
22,direction_A,8,1,54,55,1,0.018,['ארץ חפץ/חטיבת הראל'],regular,,False
22,direction_A,9,1,54,55,1,0.018,['יחזקאל/רבנו גרשום'],regular,,False
22,direction_A,11,1,53,55,2,0.036,"['יחזקאל/הושע', 'יחזקאל/רבנו גרשום']",regular,,False
22,direction_A,12,1,54,55,1,0.018,"[""עזה/רד''ק""]",regular,,True
22,direction_A,13,1,52,55,3,0.055,"['חיל האויר/הסיירת הירושלמית', 'פארק ארכיאולוגי/חיל האויר', ""תחנת רקל''ה חיל האויר/משה דיין""]",regular,,False
22,direction_A,14,1,54,55,1,0.018,"[""המלך ג'ורג'/קק''ל""]",regular,,True
22,direction_B,7,1,41,52,11,0.212,"['Unknown(1783)', 'Unknown(1784)', 'Unknown(1375)', 'Unknown(1347)', 'Unknown(1344)', 'Unknown(1150)', 'Unknown(3008)', 'Unknown(3607)', 'Unknown(4174)', 'Unknown(3855)', 'Unknown(4175)']",blocked,22_direction_B_cluster_1,False
22,direction_B,1,157,52,52,1,0.019,['Unknown(6028)'],regular,,True
22,direction_B,2,29,51,52,1,0.019,['Unknown(4175)'],regular,,True
22,direction_B,3,5,49,52,3,0.058,"['Unknown(1150)', 'Unknown(3008)', 'Unknown(3607)']",regular,,True
22,direction_B,4,3,51,52,2,0.038,"['Unknown(4175)', 'Unknown(6028)']",regular,,False
22,direction_B,5,2,50,52,2,0.038,"['Unknown(4175)', 'Unknown(1073)']",regular,,False
22,direction_B,6,1,50,52,2,0.038,"['Unknown(4175)', 'Unknown(1418)']",regular,,False
97,direction_A,1,22,26,30,4,0.133,"['Unknown(1787)', 'Unknown(1060)', ""עזה/רד''ק"", 'עזה/בלפור']",blocked,97_direction_A_cluster_1,True
97,direction_A,3,7,26,30,4,0.133,"['Unknown(3103)', 'Unknown(1729)', 'Unknown(1913)', 'Unknown(1522)']",blocked,97_direction_A_cluster_1,True
97,direction_A,4,4,22,30,8,0.267,"['Unknown(3103)', 'Unknown(1729)', 'Unknown(1913)', 'Unknown(1522)', 'Unknown(1787)', 'Unknown(1060)', ""עזה/רד''ק"", 'עזה/בלפור']",blocked,97_direction_A_cluster_1,False
97,direction_A,5,2,27,30,3,0.1,"['Unknown(1729)', 'Unknown(1913)', 'Unknown(1522)']",blocked,97_direction_A_cluster_1,False
97,direction_A,6,2,25,30,5,0.167,"['Unknown(1522)', 'Unknown(1787)', 'Unknown(1060)', ""עזה/רד''ק"", 'עזה/בלפור']",blocked,97_direction_A_cluster_1,False
97,direction_A,9,2,24,30,6,0.2,"['Unknown(1787)', 'Unknown(1060)', ""עזה/רד''ק"", 'עזה/בלפור', 'Unknown(2946)', 'Unknown(1083)']",blocked,97_direction_A_cluster_1,False
97,direction_A,11,1,27,30,3,0.1,"['Unknown(1060)', ""עזה/רד''ק"", 'עזה/בלפור']",blocked,97_direction_A_cluster_1,False
97,direction_A,12,1,23,30,7,0.233,"['Unknown(1787)', 'Unknown(1060)', ""עזה/רד''ק"", 'עזה/בלפור', 'Unknown(2946)', 'Unknown(1083)', 'Unknown(1058)']",blocked,97_direction_A_cluster_1,False
97,direction_A,13,1,20,30,10,0.333,"['Unknown(1787)', 'Unknown(1060)', ""עזה/רד''ק"", 'עזה/בלפור', 'Unknown(2946)', 'Unknown(1083)', 'Unknown(1058)', 'Unknown(1051)', 'Unknown(1047)', 'Unknown(1042)']",blocked,97_direction_A_cluster_1,False
97,direction_A,14,1,22,30,8,0.267,"['Unknown(1787)', 'Unknown(1060)', ""עזה/רד''ק"", 'עזה/בלפור', 'Unknown(2946)', 'Unknown(1083)', 'Unknown(1058)', 'Unknown(1051)']",blocked,97_direction_A_cluster_1,False
97,direction_A,16,1,27,30,3,0.1,"['Unknown(1787)', 'Unknown(1060)', ""עזה/רד''ק""]",blocked,97_direction_A_cluster_1,False
97,direction_A,17,1,23,30,7,0.233,"['Unknown(3103)', 'Unknown(1729)', 'Unknown(1913)', 'Unknown(1522)', 'Unknown(1787)', 'Unknown(1060)', ""עזה/רד''ק""]",blocked,97_direction_A_cluster_1,False
97,direction_A,2,15,29,30,1,0.033,['Unknown(1060)'],regular,,True
97,direction_A,7,2,29,30,1,0.033,['עזה/בלפור'],regular,,False
97,direction_A,8,2,29,30,1,0.033,"[""עזה/רד''ק""]",regular,,False
97,direction_A,10,1,28,30,2,0.067,"[""עזה/רד''ק"", 'עזה/בלפור']",regular,,False
97,direction_A,15,1,28,30,2,0.067,"['Unknown(1729)', 'Unknown(1913)']",regular,,False
97,direction_A,18,1,29,30,1,0.033,['Unknown(1522)'],regular,,False
97,direction_A,19,1,28,30,2,0.067,"['Unknown(1787)', 'Unknown(1060)']",regular,,False
97,direction_A,20,1,29,30,1,0.033,['Unknown(2276)'],regular,,False
97,direction_A,21,1,28,30,2,0.067,"['Unknown(1507)', 'Unknown(3374)']",regular,,False
97,direction_B,3,8,25,34,9,0.265,"['Unknown(1081)', 'Unknown(1077)', 'Unknown(1072)', 'Unknown(1062)', 'Unknown(2407)', 'Unknown(1524)', 'Unknown(1911)', 'Unknown(3109)', 'Unknown(3111)']",blocked,97_direction_B_cluster_1,True
97,direction_B,5,7,30,34,4,0.118,"['Unknown(3109)', 'Unknown(3111)', 'Unknown(3108)', 'Unknown(221)']",blocked,97_direction_B_cluster_1,True
97,direction_B,6,4,29,34,5,0.147,"['Unknown(1081)', 'Unknown(1077)', 'Unknown(1072)', 'Unknown(1062)', 'Unknown(2407)']",blocked,97_direction_B_cluster_1,False
97,direction_B,7,3,30,34,4,0.118,"['Unknown(1081)', 'Unknown(1077)', 'Unknown(1072)', 'Unknown(1062)']",blocked,97_direction_B_cluster_1,False
97,direction_B,8,3,25,34,9,0.265,"['Unknown(1260)', 'Unknown(1044)', 'Unknown(1048)', 'Unknown(1056)', 'Unknown(1957)', 'Unknown(1081)', 'Unknown(1077)', 'Unknown(1072)', 'Unknown(1062)']",blocked,97_direction_B_cluster_1,False
97,direction_B,9,2,30,34,4,0.118,"['Unknown(1077)', 'Unknown(1072)', 'Unknown(3109)', 'Unknown(3111)']",blocked,97_direction_B_cluster_1,False
97,direction_B,10,2,24,34,10,0.294,"['Unknown(1081)', 'Unknown(1077)', 'Unknown(1072)', 'Unknown(1062)', 'Unknown(2407)', 'Unknown(1524)', 'Unknown(1911)', 'Unknown(3109)', 'Unknown(3111)', ""גשר המיתרים/שד' הרצל""]",blocked,97_direction_B_cluster_1,False
97,direction_B,16,1,28,34,6,0.176,"['Unknown(1077)', 'Unknown(1072)', 'Unknown(1524)', 'Unknown(1911)', 'Unknown(3109)', 'Unknown(3111)']",blocked,97_direction_B_cluster_1,False
97,direction_B,17,1,30,34,4,0.118,"['Unknown(1077)', 'Unknown(1072)', 'Unknown(1062)', 'Unknown(2407)']",blocked,97_direction_B_cluster_1,False
97,direction_B,18,1,30,34,4,0.118,"['Unknown(1524)', 'Unknown(1911)', 'Unknown(3109)', 'Unknown(3111)']",blocked,97_direction_B_cluster_1,False
97,direction_B,15,1,30,34,4,0.118,"['Unknown(3374)', ""גשר המיתרים/שד' הרצל"", 'Unknown(4218)', 'Unknown(800)']",blocked,97_direction_B_cluster_2,False
97,direction_B,1,19,32,34,2,0.059,"['Unknown(1077)', 'Unknown(1072)']",regular,,True
97,direction_B,2,8,32,34,2,0.059,"['Unknown(3109)', 'Unknown(3111)']",regular,,True
97,direction_B,4,7,33,34,1,0.029,"[""גשר המיתרים/שד' הרצל""]",regular,,True
97,direction_B,11,1,31,34,3,0.088,"['Unknown(3109)', 'Unknown(3111)', 'Unknown(3108)']",regular,,False
97,direction_B,12,1,31,34,3,0.088,"[""גשר המיתרים/שד' הרצל"", 'Unknown(4218)', 'Unknown(800)']",regular,,False
97,direction_B,13,1,33,34,1,0.029,['Unknown(3109)'],regular,,False
97,direction_B,14,1,32,34,2,0.059,"['Unknown(1911)', 'Unknown(3109)']",regular,,False
97,direction_B,19,1,33,34,1,0.029,['Unknown(1062)'],regular,,False
97,direction_B,20,1,33,34,1,0.029,['Unknown(1030)'],regular,,False
97,direction_B,21,1,31,34,3,0.088,"['Unknown(1077)', 'Unknown(1072)', 'Unknown(2407)']",regular,,False
97,direction_B,22,1,33,34,1,0.029,['Unknown(1072)'],regular,,False
