route_id,month,DayOfWeek,HourSourceTime,StopSequence_Rishui,n_rows_in_group,n_distinct_stopcodes,winning_stopcode,winning_stopcode_votes,ambiguous
5502,1,1,5,42,3,2,6028,2,False
5502,1,2,5,42,3,2,6028,2,False
5502,1,3,5,42,3,2,6028,2,False
5502,1,4,5,42,3,2,6028,2,False
5502,1,5,5,42,3,2,6028,2,False
5502,1,6,5,42,3,2,6028,2,False
5502,1,1,6,42,3,2,6028,2,False
11107,1,1,6,67,3,2,3093,2,False
11108,1,1,6,1,3,2,1711,2,False
11108,1,1,6,2,3,2,6189,2,False
11108,1,1,6,3,3,2,202,2,False
11108,1,1,6,4,3,2,1586,2,False
11108,1,1,6,5,3,2,1525,2,False
11108,1,1,6,6,3,2,947,2,False
11108,1,1,6,7,3,2,948,2,False
11108,1,1,6,8,3,2,952,2,False
11108,1,1,6,9,3,2,953,2,False
11108,1,1,6,10,3,2,954,2,False
5502,1,2,6,42,3,2,6028,2,False
11107,1,2,6,67,3,2,3093,2,False
11108,1,2,6,1,3,2,1711,2,False
11108,1,2,6,2,3,2,6189,2,False
11108,1,2,6,3,3,2,202,2,False
11108,1,2,6,4,3,2,1586,2,False
11108,1,2,6,5,3,2,1525,2,False
11108,1,2,6,6,3,2,947,2,False
11108,1,2,6,7,3,2,948,2,False
11108,1,2,6,8,3,2,952,2,False
11108,1,2,6,9,3,2,953,2,False
11108,1,2,6,10,3,2,954,2,False
5502,1,3,6,42,3,2,6028,2,False
11107,1,3,6,67,3,2,3093,2,False
11108,1,3,6,1,3,2,1711,2,False
11108,1,3,6,2,3,2,6189,2,False
11108,1,3,6,3,3,2,202,2,False
11108,1,3,6,4,3,2,1586,2,False
11108,1,3,6,5,3,2,1525,2,False
11108,1,3,6,6,3,2,947,2,False
11108,1,3,6,7,3,2,948,2,False
11108,1,3,6,8,3,2,952,2,False
11108,1,3,6,9,3,2,953,2,False
11108,1,3,6,10,3,2,954,2,False
5502,1,4,6,42,3,2,6028,2,False
11107,1,4,6,67,3,2,3093,2,False
11108,1,4,6,1,3,2,1711,2,False
11108,1,4,6,2,3,2,6189,2,False
11108,1,4,6,3,3,2,202,2,False
11108,1,4,6,4,3,2,1586,2,False
11108,1,4,6,5,3,2,1525,2,False
11108,1,4,6,6,3,2,947,2,False
11108,1,4,6,7,3,2,948,2,False
11108,1,4,6,8,3,2,952,2,False
11108,1,4,6,9,3,2,953,2,False
11108,1,4,6,10,3,2,954,2,False
5502,1,5,6,42,3,2,6028,2,False
11107,1,5,6,67,3,2,3093,2,False
11108,1,5,6,1,3,2,1711,2,False
11108,1,5,6,2,3,2,6189,2,False
11108,1,5,6,3,3,2,202,2,False
11108,1,5,6,4,3,2,1586,2,False
11108,1,5,6,5,3,2,1525,2,False
11108,1,5,6,6,3,2,947,2,False
11108,1,5,6,7,3,2,948,2,False
11108,1,5,6,8,3,2,952,2,False
11108,1,5,6,9,3,2,953,2,False
11108,1,5,6,10,3,2,954,2,False
5502,1,6,6,42,3,2,6028,2,False
11107,1,6,6,67,3,2,3093,2,False
11108,1,6,6,1,3,2,1711,2,False
11108,1,6,6,2,3,2,6189,2,False
11108,1,6,6,3,3,2,202,2,False
11108,1,6,6,4,3,2,1586,2,False
11108,1,6,6,5,3,2,1525,2,False
11108,1,6,6,6,3,2,947,2,False
11108,1,6,6,7,3,2,948,2,False
11108,1,6,6,8,3,2,952,2,False
11108,1,6,6,9,3,2,953,2,False
11108,1,6,6,10,3,2,954,2,False
5502,1,1,7,42,3,2,6028,2,False
11107,1,1,7,67,3,2,3093,2,False
11108,1,1,7,1,3,2,1711,2,False
11108,1,1,7,2,3,2,6189,2,False
11108,1,1,7,3,3,2,202,2,False
11108,1,1,7,4,3,2,1586,2,False
11108,1,1,7,5,3,2,1525,2,False
11108,1,1,7,6,3,2,947,2,False
11108,1,1,7,7,3,2,948,2,False
11108,1,1,7,8,3,2,952,2,False
11108,1,1,7,9,3,2,953,2,False
11108,1,1,7,10,3,2,954,2,False
5502,1,2,7,42,3,2,6028,2,False
11107,1,2,7,67,3,2,3093,2,False
11108,1,2,7,1,3,2,1711,2,False
11108,1,2,7,2,3,2,6189,2,False
11108,1,2,7,3,3,2,202,2,False
11108,1,2,7,4,3,2,1586,2,False
11108,1,2,7,5,3,2,1525,2,False
11108,1,2,7,6,3,2,947,2,False
11108,1,2,7,7,3,2,948,2,False
11108,1,2,7,8,3,2,952,2,False
11108,1,2,7,9,3,2,953,2,False
11108,1,2,7,10,3,2,954,2,False
5502,1,3,7,42,3,2,6028,2,False
11107,1,3,7,67,3,2,3093,2,False
11108,1,3,7,1,3,2,1711,2,False
11108,1,3,7,2,3,2,6189,2,False
11108,1,3,7,3,3,2,202,2,False
11108,1,3,7,4,3,2,1586,2,False
11108,1,3,7,5,3,2,1525,2,False
11108,1,3,7,6,3,2,947,2,False
11108,1,3,7,7,3,2,948,2,False
11108,1,3,7,8,3,2,952,2,False
11108,1,3,7,9,3,2,953,2,False
11108,1,3,7,10,3,2,954,2,False
5502,1,4,7,42,3,2,6028,2,False
11107,1,4,7,67,3,2,3093,2,False
11108,1,4,7,1,3,2,1711,2,False
11108,1,4,7,2,3,2,6189,2,False
11108,1,4,7,3,3,2,202,2,False
11108,1,4,7,4,3,2,1586,2,False
11108,1,4,7,5,3,2,1525,2,False
11108,1,4,7,6,3,2,947,2,False
11108,1,4,7,7,3,2,948,2,False
11108,1,4,7,8,3,2,952,2,False
11108,1,4,7,9,3,2,953,2,False
11108,1,4,7,10,3,2,954,2,False
5502,1,5,7,42,3,2,6028,2,False
11107,1,5,7,67,3,2,3093,2,False
11108,1,5,7,1,3,2,1711,2,False
11108,1,5,7,2,3,2,6189,2,False
11108,1,5,7,3,3,2,202,2,False
11108,1,5,7,4,3,2,1586,2,False
11108,1,5,7,5,3,2,1525,2,False
11108,1,5,7,6,3,2,947,2,False
11108,1,5,7,7,3,2,948,2,False
11108,1,5,7,8,3,2,952,2,False
11108,1,5,7,9,3,2,953,2,False
11108,1,5,7,10,3,2,954,2,False
5502,1,6,7,42,3,2,6028,2,False
11107,1,6,7,67,3,2,3093,2,False
11108,1,6,7,1,3,2,1711,2,False
11108,1,6,7,2,3,2,6189,2,False
11108,1,6,7,3,3,2,202,2,False
11108,1,6,7,4,3,2,1586,2,False
11108,1,6,7,5,3,2,1525,2,False
11108,1,6,7,6,3,2,947,2,False
11108,1,6,7,7,3,2,948,2,False
11108,1,6,7,8,3,2,952,2,False
11108,1,6,7,9,3,2,953,2,False
11108,1,6,7,10,3,2,954,2,False
5502,1,1,8,42,3,2,6028,2,False
11107,1,1,8,67,3,2,3093,2,False
11108,1,1,8,1,3,2,1711,2,False
11108,1,1,8,2,3,2,6189,2,False
11108,1,1,8,3,3,2,202,2,False
11108,1,1,8,4,3,2,1586,2,False
11108,1,1,8,5,3,2,1525,2,False
11108,1,1,8,6,3,2,947,2,False
11108,1,1,8,7,3,2,948,2,False
11108,1,1,8,8,3,2,952,2,False
11108,1,1,8,9,3,2,953,2,False
11108,1,1,8,10,3,2,954,2,False
5502,1,2,8,42,3,2,6028,2,False
11107,1,2,8,67,3,2,3093,2,False
11108,1,2,8,1,3,2,1711,2,False
11108,1,2,8,2,3,2,6189,2,False
11108,1,2,8,3,3,2,202,2,False
11108,1,2,8,4,3,2,1586,2,False
11108,1,2,8,5,3,2,1525,2,False
11108,1,2,8,6,3,2,947,2,False
11108,1,2,8,7,3,2,948,2,False
11108,1,2,8,8,3,2,952,2,False
11108,1,2,8,9,3,2,953,2,False
11108,1,2,8,10,3,2,954,2,False
5502,1,3,8,42,3,2,6028,2,False
11107,1,3,8,67,3,2,3093,2,False
11108,1,3,8,1,3,2,1711,2,False
11108,1,3,8,2,3,2,6189,2,False
11108,1,3,8,3,3,2,202,2,False
11108,1,3,8,4,3,2,1586,2,False
11108,1,3,8,5,3,2,1525,2,False
11108,1,3,8,6,3,2,947,2,False
11108,1,3,8,7,3,2,948,2,False
11108,1,3,8,8,3,2,952,2,False
11108,1,3,8,9,3,2,953,2,False
11108,1,3,8,10,3,2,954,2,False
5502,1,4,8,42,3,2,6028,2,False
11107,1,4,8,67,3,2,3093,2,False
11108,1,4,8,1,3,2,1711,2,False
11108,1,4,8,2,3,2,6189,2,False
11108,1,4,8,3,3,2,202,2,False
11108,1,4,8,4,3,2,1586,2,False
11108,1,4,8,5,3,2,1525,2,False
11108,1,4,8,6,3,2,947,2,False
11108,1,4,8,7,3,2,948,2,False
11108,1,4,8,8,3,2,952,2,False
11108,1,4,8,9,3,2,953,2,False
11108,1,4,8,10,3,2,954,2,False
5502,1,5,8,42,3,2,6028,2,False
11107,1,5,8,67,3,2,3093,2,False
11108,1,5,8,1,3,2,1711,2,False
11108,1,5,8,2,3,2,6189,2,False
11108,1,5,8,3,3,2,202,2,False
11108,1,5,8,4,3,2,1586,2,False
11108,1,5,8,5,3,2,1525,2,False
11108,1,5,8,6,3,2,947,2,False
11108,1,5,8,7,3,2,948,2,False
11108,1,5,8,8,3,2,952,2,False
11108,1,5,8,9,3,2,953,2,False
11108,1,5,8,10,3,2,954,2,False
5502,1,6,8,42,3,2,6028,2,False
11107,1,6,8,67,3,2,3093,2,False
11108,1,6,8,1,3,2,1711,2,False
11108,1,6,8,2,3,2,6189,2,False
11108,1,6,8,3,3,2,202,2,False
11108,1,6,8,4,3,2,1586,2,False
11108,1,6,8,5,3,2,1525,2,False
11108,1,6,8,6,3,2,947,2,False
11108,1,6,8,7,3,2,948,2,False
11108,1,6,8,8,3,2,952,2,False
11108,1,6,8,9,3,2,953,2,False
11108,1,6,8,10,3,2,954,2,False
5502,1,1,9,42,3,2,6028,2,False
11107,1,1,9,67,3,2,3093,2,False
11108,1,1,9,1,3,2,1711,2,False
11108,1,1,9,2,3,2,6189,2,False
11108,1,1,9,3,3,2,202,2,False
11108,1,1,9,4,3,2,1586,2,False
11108,1,1,9,5,3,2,1525,2,False
11108,1,1,9,6,3,2,947,2,False
11108,1,1,9,7,3,2,948,2,False
11108,1,1,9,8,3,2,952,2,False
11108,1,1,9,9,3,2,953,2,False
11108,1,1,9,10,3,2,954,2,False
5502,1,2,9,42,3,2,6028,2,False
11107,1,2,9,67,3,2,3093,2,False
11108,1,2,9,1,3,2,1711,2,False
11108,1,2,9,2,3,2,6189,2,False
11108,1,2,9,3,3,2,202,2,False
11108,1,2,9,4,3,2,1586,2,False
11108,1,2,9,5,3,2,1525,2,False
11108,1,2,9,6,3,2,947,2,False
11108,1,2,9,7,3,2,948,2,False
11108,1,2,9,8,3,2,952,2,False
11108,1,2,9,9,3,2,953,2,False
11108,1,2,9,10,3,2,954,2,False
5502,1,3,9,42,3,2,6028,2,False
11107,1,3,9,67,3,2,3093,2,False
11108,1,3,9,1,3,2,1711,2,False
11108,1,3,9,2,3,2,6189,2,False
11108,1,3,9,3,3,2,202,2,False
11108,1,3,9,4,3,2,1586,2,False
11108,1,3,9,5,3,2,1525,2,False
11108,1,3,9,6,3,2,947,2,False
11108,1,3,9,7,3,2,948,2,False
11108,1,3,9,8,3,2,952,2,False
11108,1,3,9,9,3,2,953,2,False
11108,1,3,9,10,3,2,954,2,False
5502,1,4,9,42,3,2,6028,2,False
11107,1,4,9,67,3,2,3093,2,False
11108,1,4,9,1,3,2,1711,2,False
11108,1,4,9,2,3,2,6189,2,False
11108,1,4,9,3,3,2,202,2,False
11108,1,4,9,4,3,2,1586,2,False
11108,1,4,9,5,3,2,1525,2,False
11108,1,4,9,6,3,2,947,2,False
11108,1,4,9,7,3,2,948,2,False
11108,1,4,9,8,3,2,952,2,False
11108,1,4,9,9,3,2,953,2,False
11108,1,4,9,10,3,2,954,2,False
5502,1,5,9,42,3,2,6028,2,False
11107,1,5,9,67,3,2,3093,2,False
11108,1,5,9,1,3,2,1711,2,False
11108,1,5,9,2,3,2,6189,2,False
11108,1,5,9,3,3,2,202,2,False
11108,1,5,9,4,3,2,1586,2,False
11108,1,5,9,5,3,2,1525,2,False
11108,1,5,9,6,3,2,947,2,False
11108,1,5,9,7,3,2,948,2,False
11108,1,5,9,8,3,2,952,2,False
11108,1,5,9,9,3,2,953,2,False
11108,1,5,9,10,3,2,954,2,False
5502,1,6,9,42,3,2,6028,2,False
11107,1,6,9,67,3,2,3093,2,False
11108,1,6,9,1,3,2,1711,2,False
11108,1,6,9,2,3,2,6189,2,False
11108,1,6,9,3,3,2,202,2,False
11108,1,6,9,4,3,2,1586,2,False
11108,1,6,9,5,3,2,1525,2,False
11108,1,6,9,6,3,2,947,2,False
11108,1,6,9,7,3,2,948,2,False
11108,1,6,9,8,3,2,952,2,False
11108,1,6,9,9,3,2,953,2,False
11108,1,6,9,10,3,2,954,2,False
5502,1,1,10,42,3,2,6028,2,False
11107,1,1,10,67,3,2,3093,2,False
11108,1,1,10,1,3,2,1711,2,False
11108,1,1,10,2,3,2,6189,2,False
11108,1,1,10,3,3,2,202,2,False
11108,1,1,10,4,3,2,1586,2,False
11108,1,1,10,5,3,2,1525,2,False
11108,1,1,10,6,3,2,947,2,False
11108,1,1,10,7,3,2,948,2,False
11108,1,1,10,8,3,2,952,2,False
11108,1,1,10,9,3,2,953,2,False
11108,1,1,10,10,3,2,954,2,False
5502,1,2,10,42,3,2,6028,2,False
11107,1,2,10,67,3,2,3093,2,False
11108,1,2,10,1,3,2,1711,2,False
11108,1,2,10,2,3,2,6189,2,False
11108,1,2,10,3,3,2,202,2,False
11108,1,2,10,4,3,2,1586,2,False
11108,1,2,10,5,3,2,1525,2,False
11108,1,2,10,6,3,2,947,2,False
11108,1,2,10,7,3,2,948,2,False
11108,1,2,10,8,3,2,952,2,False
11108,1,2,10,9,3,2,953,2,False
11108,1,2,10,10,3,2,954,2,False
5502,1,3,10,42,3,2,6028,2,False
11107,1,3,10,67,3,2,3093,2,False
11108,1,3,10,1,3,2,1711,2,False
11108,1,3,10,2,3,2,6189,2,False
11108,1,3,10,3,3,2,202,2,False
11108,1,3,10,4,3,2,1586,2,False
11108,1,3,10,5,3,2,1525,2,False
11108,1,3,10,6,3,2,947,2,False
11108,1,3,10,7,3,2,948,2,False
11108,1,3,10,8,3,2,952,2,False
11108,1,3,10,9,3,2,953,2,False
11108,1,3,10,10,3,2,954,2,False
5502,1,4,10,42,3,2,6028,2,False
11107,1,4,10,67,3,2,3093,2,False
11108,1,4,10,1,3,2,1711,2,False
11108,1,4,10,2,3,2,6189,2,False
11108,1,4,10,3,3,2,202,2,False
11108,1,4,10,4,3,2,1586,2,False
11108,1,4,10,5,3,2,1525,2,False
11108,1,4,10,6,3,2,947,2,False
11108,1,4,10,7,3,2,948,2,False
11108,1,4,10,8,3,2,952,2,False
11108,1,4,10,9,3,2,953,2,False
11108,1,4,10,10,3,2,954,2,False
5502,1,5,10,42,3,2,6028,2,False
11107,1,5,10,67,3,2,3093,2,False
11108,1,5,10,1,3,2,1711,2,False
11108,1,5,10,2,3,2,6189,2,False
11108,1,5,10,3,3,2,202,2,False
11108,1,5,10,4,3,2,1586,2,False
11108,1,5,10,5,3,2,1525,2,False
11108,1,5,10,6,3,2,947,2,False
11108,1,5,10,7,3,2,948,2,False
11108,1,5,10,8,3,2,952,2,False
11108,1,5,10,9,3,2,953,2,False
11108,1,5,10,10,3,2,954,2,False
5502,1,6,10,42,3,2,6028,2,False
11107,1,6,10,67,3,2,3093,2,False
11108,1,6,10,1,3,2,1711,2,False
11108,1,6,10,2,3,2,6189,2,False
11108,1,6,10,3,3,2,202,2,False
11108,1,6,10,4,3,2,1586,2,False
11108,1,6,10,5,3,2,1525,2,False
11108,1,6,10,6,3,2,947,2,False
11108,1,6,10,7,3,2,948,2,False
11108,1,6,10,8,3,2,952,2,False
11108,1,6,10,9,3,2,953,2,False
11108,1,6,10,10,3,2,954,2,False
5502,1,1,11,42,3,2,6028,2,False
11107,1,1,11,67,3,2,3093,2,False
11108,1,1,11,1,3,2,1711,2,False
11108,1,1,11,2,3,2,6189,2,False
11108,1,1,11,3,3,2,202,2,False
11108,1,1,11,4,3,2,1586,2,False
11108,1,1,11,5,3,2,1525,2,False
11108,1,1,11,6,3,2,947,2,False
11108,1,1,11,7,3,2,948,2,False
11108,1,1,11,8,3,2,952,2,False
11108,1,1,11,9,3,2,953,2,False
11108,1,1,11,10,3,2,954,2,False
5502,1,2,11,42,3,2,6028,2,False
11107,1,2,11,67,3,2,3093,2,False
11108,1,2,11,1,3,2,1711,2,False
11108,1,2,11,2,3,2,6189,2,False
11108,1,2,11,3,3,2,202,2,False
11108,1,2,11,4,3,2,1586,2,False
11108,1,2,11,5,3,2,1525,2,False
11108,1,2,11,6,3,2,947,2,False
11108,1,2,11,7,3,2,948,2,False
11108,1,2,11,8,3,2,952,2,False
11108,1,2,11,9,3,2,953,2,False
11108,1,2,11,10,3,2,954,2,False
5502,1,3,11,42,3,2,6028,2,False
11107,1,3,11,67,3,2,3093,2,False
11108,1,3,11,1,3,2,1711,2,False
11108,1,3,11,2,3,2,6189,2,False
11108,1,3,11,3,3,2,202,2,False
11108,1,3,11,4,3,2,1586,2,False
11108,1,3,11,5,3,2,1525,2,False
11108,1,3,11,6,3,2,947,2,False
11108,1,3,11,7,3,2,948,2,False
11108,1,3,11,8,3,2,952,2,False
11108,1,3,11,9,3,2,953,2,False
11108,1,3,11,10,3,2,954,2,False
5502,1,4,11,42,3,2,6028,2,False
11107,1,4,11,67,3,2,3093,2,False
11108,1,4,11,1,3,2,1711,2,False
11108,1,4,11,2,3,2,6189,2,False
11108,1,4,11,3,3,2,202,2,False
11108,1,4,11,4,3,2,1586,2,False
11108,1,4,11,5,3,2,1525,2,False
11108,1,4,11,6,3,2,947,2,False
11108,1,4,11,7,3,2,948,2,False
11108,1,4,11,8,3,2,952,2,False
11108,1,4,11,9,3,2,953,2,False
11108,1,4,11,10,3,2,954,2,False
5502,1,5,11,42,3,2,6028,2,False
11107,1,5,11,67,3,2,3093,2,False
11108,1,5,11,1,3,2,1711,2,False
11108,1,5,11,2,3,2,6189,2,False
11108,1,5,11,3,3,2,202,2,False
11108,1,5,11,4,3,2,1586,2,False
11108,1,5,11,5,3,2,1525,2,False
11108,1,5,11,6,3,2,947,2,False
11108,1,5,11,7,3,2,948,2,False
11108,1,5,11,8,3,2,952,2,False
11108,1,5,11,9,3,2,953,2,False
11108,1,5,11,10,3,2,954,2,False
5502,1,6,11,42,3,2,6028,2,False
11107,1,6,11,67,3,2,3093,2,False
11108,1,6,11,1,3,2,1711,2,False
11108,1,6,11,2,3,2,6189,2,False
11108,1,6,11,3,3,2,202,2,False
11108,1,6,11,4,3,2,1586,2,False
11108,1,6,11,5,3,2,1525,2,False
11108,1,6,11,6,3,2,947,2,False
11108,1,6,11,7,3,2,948,2,False
11108,1,6,11,8,3,2,952,2,False
11108,1,6,11,9,3,2,953,2,False
11108,1,6,11,10,3,2,954,2,False
5502,1,1,12,42,4,2,6286,2,True
11107,1,1,12,67,4,2,2021,2,True
11108,1,1,12,1,4,2,5853,2,True
11108,1,1,12,2,4,2,202,2,True
11108,1,1,12,3,4,2,1586,2,True
11108,1,1,12,4,4,2,1525,2,True
11108,1,1,12,5,4,2,947,2,True
11108,1,1,12,6,4,2,948,2,True
11108,1,1,12,7,4,2,952,2,True
11108,1,1,12,8,4,2,953,2,True
11108,1,1,12,9,4,2,954,2,True
11108,1,1,12,10,4,2,9911,2,True
5502,1,2,12,42,4,2,6028,2,True
11107,1,2,12,67,4,2,3093,2,True
11108,1,2,12,1,4,2,1711,2,True
11108,1,2,12,2,4,2,6189,2,True
11108,1,2,12,3,4,2,202,2,True
11108,1,2,12,4,4,2,1586,2,True
11108,1,2,12,5,4,2,1525,2,True
11108,1,2,12,6,4,2,947,2,True
11108,1,2,12,7,4,2,948,2,True
11108,1,2,12,8,4,2,952,2,True
11108,1,2,12,9,4,2,953,2,True
11108,1,2,12,10,4,2,954,2,True
5502,1,3,12,42,4,2,6286,2,True
11107,1,3,12,67,4,2,2021,2,True
11108,1,3,12,1,4,2,5853,2,True
11108,1,3,12,2,4,2,202,2,True
11108,1,3,12,3,4,2,1586,2,True
11108,1,3,12,4,4,2,1525,2,True
11108,1,3,12,5,4,2,947,2,True
11108,1,3,12,6,4,2,948,2,True
11108,1,3,12,7,4,2,952,2,True
11108,1,3,12,8,4,2,953,2,True
11108,1,3,12,9,4,2,954,2,True
11108,1,3,12,10,4,2,9911,2,True
5502,1,4,12,42,4,2,6286,2,True
11107,1,4,12,67,4,2,3093,2,True
11108,1,4,12,1,4,2,1711,2,True
11108,1,4,12,2,4,2,6189,2,True
11108,1,4,12,3,4,2,202,2,True
11108,1,4,12,4,4,2,1586,2,True
11108,1,4,12,5,4,2,1525,2,True
11108,1,4,12,6,4,2,947,2,True
11108,1,4,12,7,4,2,948,2,True
11108,1,4,12,8,4,2,952,2,True
11108,1,4,12,9,4,2,953,2,True
11108,1,4,12,10,4,2,954,2,True
5502,1,5,12,42,3,2,6028,2,False
11107,1,5,12,67,3,2,3093,2,False
11108,1,5,12,1,3,2,1711,2,False
11108,1,5,12,2,3,2,6189,2,False
11108,1,5,12,3,3,2,202,2,False
11108,1,5,12,4,3,2,1586,2,False
11108,1,5,12,5,3,2,1525,2,False
11108,1,5,12,6,3,2,947,2,False
11108,1,5,12,7,3,2,948,2,False
11108,1,5,12,8,3,2,952,2,False
11108,1,5,12,9,3,2,953,2,False
11108,1,5,12,10,3,2,954,2,False
5502,1,6,12,42,3,2,6028,2,False
11107,1,6,12,67,3,2,3093,2,False
11108,1,6,12,1,3,2,1711,2,False
11108,1,6,12,2,3,2,6189,2,False
11108,1,6,12,3,3,2,202,2,False
11108,1,6,12,4,3,2,1586,2,False
11108,1,6,12,5,3,2,1525,2,False
11108,1,6,12,6,3,2,947,2,False
11108,1,6,12,7,3,2,948,2,False
11108,1,6,12,8,3,2,952,2,False
11108,1,6,12,9,3,2,953,2,False
11108,1,6,12,10,3,2,954,2,False
5502,1,1,13,42,3,2,6028,2,False
11107,1,1,13,67,3,2,3093,2,False
11108,1,1,13,1,3,2,1711,2,False
11108,1,1,13,2,3,2,6189,2,False
11108,1,1,13,3,3,2,202,2,False
11108,1,1,13,4,3,2,1586,2,False
11108,1,1,13,5,3,2,1525,2,False
11108,1,1,13,6,3,2,947,2,False
11108,1,1,13,7,3,2,948,2,False
11108,1,1,13,8,3,2,952,2,False
11108,1,1,13,9,3,2,953,2,False
11108,1,1,13,10,3,2,954,2,False
5502,1,2,13,42,3,2,6028,2,False
11107,1,2,13,67,3,2,3093,2,False
11108,1,2,13,1,3,2,1711,2,False
11108,1,2,13,2,3,2,6189,2,False
11108,1,2,13,3,3,2,202,2,False
11108,1,2,13,4,3,2,1586,2,False
11108,1,2,13,5,3,2,1525,2,False
11108,1,2,13,6,3,2,947,2,False
11108,1,2,13,7,3,2,948,2,False
11108,1,2,13,8,3,2,952,2,False
11108,1,2,13,9,3,2,953,2,False
11108,1,2,13,10,3,2,954,2,False
5502,1,3,13,42,3,2,6028,2,False
11107,1,3,13,67,3,2,3093,2,False
11108,1,3,13,1,3,2,1711,2,False
11108,1,3,13,2,3,2,6189,2,False
11108,1,3,13,3,3,2,202,2,False
11108,1,3,13,4,3,2,1586,2,False
11108,1,3,13,5,3,2,1525,2,False
11108,1,3,13,6,3,2,947,2,False
11108,1,3,13,7,3,2,948,2,False
11108,1,3,13,8,3,2,952,2,False
11108,1,3,13,9,3,2,953,2,False
11108,1,3,13,10,3,2,954,2,False
5502,1,4,13,42,3,2,6028,2,False
11107,1,4,13,67,3,2,3093,2,False
11108,1,4,13,1,3,2,1711,2,False
11108,1,4,13,2,3,2,6189,2,False
11108,1,4,13,3,3,2,202,2,False
11108,1,4,13,4,3,2,1586,2,False
11108,1,4,13,5,3,2,1525,2,False
11108,1,4,13,6,3,2,947,2,False
11108,1,4,13,7,3,2,948,2,False
11108,1,4,13,8,3,2,952,2,False
11108,1,4,13,9,3,2,953,2,False
11108,1,4,13,10,3,2,954,2,False
5502,1,5,13,42,3,2,6028,2,False
11107,1,5,13,67,3,2,3093,2,False
11108,1,5,13,1,3,2,1711,2,False
11108,1,5,13,2,3,2,6189,2,False
11108,1,5,13,3,3,2,202,2,False
11108,1,5,13,4,3,2,1586,2,False
11108,1,5,13,5,3,2,1525,2,False
11108,1,5,13,6,3,2,947,2,False
11108,1,5,13,7,3,2,948,2,False
11108,1,5,13,8,3,2,952,2,False
11108,1,5,13,9,3,2,953,2,False
11108,1,5,13,10,3,2,954,2,False
5502,1,6,13,42,3,2,6028,2,False
11107,1,6,13,67,3,2,3093,2,False
11108,1,6,13,1,3,2,1711,2,False
11108,1,6,13,2,3,2,6189,2,False
11108,1,6,13,3,3,2,202,2,False
11108,1,6,13,4,3,2,1586,2,False
11108,1,6,13,5,3,2,1525,2,False
11108,1,6,13,6,3,2,947,2,False
11108,1,6,13,7,3,2,948,2,False
11108,1,6,13,8,3,2,952,2,False
11108,1,6,13,9,3,2,953,2,False
11108,1,6,13,10,3,2,954,2,False
5502,1,1,14,42,3,2,6028,2,False
11107,1,1,14,67,3,2,3093,2,False
11108,1,1,14,1,3,2,1711,2,False
11108,1,1,14,2,3,2,6189,2,False
11108,1,1,14,3,3,2,202,2,False
11108,1,1,14,4,3,2,1586,2,False
11108,1,1,14,5,3,2,1525,2,False
11108,1,1,14,6,3,2,947,2,False
11108,1,1,14,7,3,2,948,2,False
11108,1,1,14,8,3,2,952,2,False
11108,1,1,14,9,3,2,953,2,False
11108,1,1,14,10,3,2,954,2,False
5502,1,2,14,42,3,2,6028,2,False
11107,1,2,14,67,3,2,3093,2,False
11108,1,2,14,1,3,2,1711,2,False
11108,1,2,14,2,3,2,6189,2,False
11108,1,2,14,3,3,2,202,2,False
11108,1,2,14,4,3,2,1586,2,False
11108,1,2,14,5,3,2,1525,2,False
11108,1,2,14,6,3,2,947,2,False
11108,1,2,14,7,3,2,948,2,False
11108,1,2,14,8,3,2,952,2,False
11108,1,2,14,9,3,2,953,2,False
11108,1,2,14,10,3,2,954,2,False
5502,1,3,14,42,3,2,6028,2,False
11107,1,3,14,67,3,2,3093,2,False
11108,1,3,14,1,3,2,1711,2,False
11108,1,3,14,2,3,2,6189,2,False
11108,1,3,14,3,3,2,202,2,False
11108,1,3,14,4,3,2,1586,2,False
11108,1,3,14,5,3,2,1525,2,False
11108,1,3,14,6,3,2,947,2,False
11108,1,3,14,7,3,2,948,2,False
11108,1,3,14,8,3,2,952,2,False
11108,1,3,14,9,3,2,953,2,False
11108,1,3,14,10,3,2,954,2,False
5502,1,4,14,42,3,2,6028,2,False
11107,1,4,14,67,3,2,3093,2,False
11108,1,4,14,1,3,2,1711,2,False
11108,1,4,14,2,3,2,6189,2,False
11108,1,4,14,3,3,2,202,2,False
11108,1,4,14,4,3,2,1586,2,False
11108,1,4,14,5,3,2,1525,2,False
11108,1,4,14,6,3,2,947,2,False
11108,1,4,14,7,3,2,948,2,False
11108,1,4,14,8,3,2,952,2,False
11108,1,4,14,9,3,2,953,2,False
11108,1,4,14,10,3,2,954,2,False
5502,1,5,14,42,3,2,6028,2,False
11107,1,5,14,67,3,2,3093,2,False
11108,1,5,14,1,3,2,1711,2,False
11108,1,5,14,2,3,2,6189,2,False
11108,1,5,14,3,3,2,202,2,False
11108,1,5,14,4,3,2,1586,2,False
11108,1,5,14,5,3,2,1525,2,False
11108,1,5,14,6,3,2,947,2,False
11108,1,5,14,7,3,2,948,2,False
11108,1,5,14,8,3,2,952,2,False
11108,1,5,14,9,3,2,953,2,False
11108,1,5,14,10,3,2,954,2,False
5502,1,1,15,42,3,2,6028,2,False
11108,1,1,15,1,3,2,1711,2,False
11108,1,1,15,2,3,2,6189,2,False
11108,1,1,15,3,3,2,202,2,False
11108,1,1,15,4,3,2,1586,2,False
11108,1,1,15,5,3,2,1525,2,False
11108,1,1,15,6,3,2,947,2,False
11108,1,1,15,7,3,2,948,2,False
11108,1,1,15,8,3,2,952,2,False
11108,1,1,15,9,3,2,953,2,False
11108,1,1,15,10,3,2,954,2,False
5502,1,2,15,42,3,2,6028,2,False
11108,1,2,15,1,3,2,1711,2,False
11108,1,2,15,2,3,2,6189,2,False
11108,1,2,15,3,3,2,202,2,False
11108,1,2,15,4,3,2,1586,2,False
11108,1,2,15,5,3,2,1525,2,False
11108,1,2,15,6,3,2,947,2,False
11108,1,2,15,7,3,2,948,2,False
11108,1,2,15,8,3,2,952,2,False
11108,1,2,15,9,3,2,953,2,False
11108,1,2,15,10,3,2,954,2,False
5502,1,3,15,42,3,2,6028,2,False
11108,1,3,15,1,3,2,1711,2,False
11108,1,3,15,2,3,2,6189,2,False
11108,1,3,15,3,3,2,202,2,False
11108,1,3,15,4,3,2,1586,2,False
11108,1,3,15,5,3,2,1525,2,False
11108,1,3,15,6,3,2,947,2,False
11108,1,3,15,7,3,2,948,2,False
11108,1,3,15,8,3,2,952,2,False
11108,1,3,15,9,3,2,953,2,False
11108,1,3,15,10,3,2,954,2,False
5502,1,4,15,42,3,2,6028,2,False
11108,1,4,15,1,3,2,1711,2,False
11108,1,4,15,2,3,2,6189,2,False
11108,1,4,15,3,3,2,202,2,False
11108,1,4,15,4,3,2,1586,2,False
11108,1,4,15,5,3,2,1525,2,False
11108,1,4,15,6,3,2,947,2,False
11108,1,4,15,7,3,2,948,2,False
11108,1,4,15,8,3,2,952,2,False
11108,1,4,15,9,3,2,953,2,False
11108,1,4,15,10,3,2,954,2,False
5502,1,5,15,42,3,2,6028,2,False
11108,1,5,15,1,3,2,1711,2,False
11108,1,5,15,2,3,2,6189,2,False
11108,1,5,15,3,3,2,202,2,False
11108,1,5,15,4,3,2,1586,2,False
11108,1,5,15,5,3,2,1525,2,False
11108,1,5,15,6,3,2,947,2,False
11108,1,5,15,7,3,2,948,2,False
11108,1,5,15,8,3,2,952,2,False
11108,1,5,15,9,3,2,953,2,False
11108,1,5,15,10,3,2,954,2,False
5502,1,2,16,42,3,2,6028,2,False
5502,1,4,16,42,3,2,6028,2,False
5502,1,5,16,42,3,2,6028,2,False
5502,1,2,17,42,3,2,6028,2,False
11108,1,2,17,1,3,2,1711,2,False
11108,1,2,17,2,3,2,6189,2,False
11108,1,2,17,3,3,2,202,2,False
11108,1,2,17,4,3,2,1586,2,False
11108,1,2,17,5,3,2,1525,2,False
11108,1,2,17,6,3,2,947,2,False
11108,1,2,17,7,3,2,948,2,False
11108,1,2,17,8,3,2,952,2,False
11108,1,2,17,9,3,2,953,2,False
11108,1,2,17,10,3,2,954,2,False
5502,1,3,17,42,3,2,6028,2,False
11108,1,3,17,1,3,2,1711,2,False
11108,1,3,17,2,3,2,6189,2,False
11108,1,3,17,3,3,2,202,2,False
11108,1,3,17,4,3,2,1586,2,False
11108,1,3,17,5,3,2,1525,2,False
11108,1,3,17,6,3,2,947,2,False
11108,1,3,17,7,3,2,948,2,False
11108,1,3,17,8,3,2,952,2,False
11108,1,3,17,9,3,2,953,2,False
11108,1,3,17,10,3,2,954,2,False
5502,1,4,17,42,3,2,6028,2,False
11108,1,4,17,1,3,2,1711,2,False
11108,1,4,17,2,3,2,6189,2,False
11108,1,4,17,3,3,2,202,2,False
11108,1,4,17,4,3,2,1586,2,False
11108,1,4,17,5,3,2,1525,2,False
11108,1,4,17,6,3,2,947,2,False
11108,1,4,17,7,3,2,948,2,False
11108,1,4,17,8,3,2,952,2,False
11108,1,4,17,9,3,2,953,2,False
11108,1,4,17,10,3,2,954,2,False
5502,1,5,17,42,3,2,6028,2,False
11107,1,5,17,67,3,2,3093,2,False
11108,1,5,17,1,3,2,1711,2,False
11108,1,5,17,2,3,2,6189,2,False
11108,1,5,17,3,3,2,202,2,False
11108,1,5,17,4,3,2,1586,2,False
11108,1,5,17,5,3,2,1525,2,False
11108,1,5,17,6,3,2,947,2,False
11108,1,5,17,7,3,2,948,2,False
11108,1,5,17,8,3,2,952,2,False
11108,1,5,17,9,3,2,953,2,False
11108,1,5,17,10,3,2,954,2,False
5502,1,1,18,42,3,2,6028,2,False
5502,1,2,18,42,3,2,6028,2,False
11108,1,2,18,1,3,2,1711,2,False
11108,1,2,18,2,3,2,6189,2,False
11108,1,2,18,3,3,2,202,2,False
11108,1,2,18,4,3,2,1586,2,False
11108,1,2,18,5,3,2,1525,2,False
11108,1,2,18,6,3,2,947,2,False
11108,1,2,18,7,3,2,948,2,False
11108,1,2,18,8,3,2,952,2,False
11108,1,2,18,9,3,2,953,2,False
11108,1,2,18,10,3,2,954,2,False
5502,1,3,18,42,3,2,6028,2,False
5502,1,4,18,42,3,2,6028,2,False
5502,1,5,18,42,3,2,6028,2,False
11108,1,5,18,1,3,2,1711,2,False
11108,1,5,18,2,3,2,6189,2,False
11108,1,5,18,3,3,2,202,2,False
11108,1,5,18,4,3,2,1586,2,False
11108,1,5,18,5,3,2,1525,2,False
11108,1,5,18,6,3,2,947,2,False
11108,1,5,18,7,3,2,948,2,False
11108,1,5,18,8,3,2,952,2,False
11108,1,5,18,9,3,2,953,2,False
11108,1,5,18,10,3,2,954,2,False
5502,1,1,19,42,3,2,6028,2,False
11107,1,1,19,67,3,2,3093,2,False
5502,1,2,19,42,3,2,6028,2,False
11107,1,2,19,67,3,2,3093,2,False
11108,1,2,19,1,3,2,1711,2,False
11108,1,2,19,2,3,2,6189,2,False
11108,1,2,19,3,3,2,202,2,False
11108,1,2,19,4,3,2,1586,2,False
11108,1,2,19,5,3,2,1525,2,False
11108,1,2,19,6,3,2,947,2,False
11108,1,2,19,7,3,2,948,2,False
11108,1,2,19,8,3,2,952,2,False
11108,1,2,19,9,3,2,953,2,False
11108,1,2,19,10,3,2,954,2,False
5502,1,3,19,42,3,2,6028,2,False
11107,1,3,19,67,3,2,3093,2,False
11108,1,3,19,1,3,2,1711,2,False
11108,1,3,19,2,3,2,6189,2,False
11108,1,3,19,3,3,2,202,2,False
11108,1,3,19,4,3,2,1586,2,False
11108,1,3,19,5,3,2,1525,2,False
11108,1,3,19,6,3,2,947,2,False
11108,1,3,19,7,3,2,948,2,False
11108,1,3,19,8,3,2,952,2,False
11108,1,3,19,9,3,2,953,2,False
11108,1,3,19,10,3,2,954,2,False
5502,1,4,19,42,3,2,6028,2,False
11107,1,4,19,67,3,2,3093,2,False
11108,1,4,19,1,3,2,1711,2,False
11108,1,4,19,2,3,2,6189,2,False
11108,1,4,19,3,3,2,202,2,False
11108,1,4,19,4,3,2,1586,2,False
11108,1,4,19,5,3,2,1525,2,False
11108,1,4,19,6,3,2,947,2,False
11108,1,4,19,7,3,2,948,2,False
11108,1,4,19,8,3,2,952,2,False
11108,1,4,19,9,3,2,953,2,False
11108,1,4,19,10,3,2,954,2,False
5502,1,5,19,42,3,2,6028,2,False
11107,1,5,19,67,3,2,3093,2,False
11108,1,5,19,1,3,2,1711,2,False
11108,1,5,19,2,3,2,6189,2,False
11108,1,5,19,3,3,2,202,2,False
11108,1,5,19,4,3,2,1586,2,False
11108,1,5,19,5,3,2,1525,2,False
11108,1,5,19,6,3,2,947,2,False
11108,1,5,19,7,3,2,948,2,False
11108,1,5,19,8,3,2,952,2,False
11108,1,5,19,9,3,2,953,2,False
11108,1,5,19,10,3,2,954,2,False
5502,1,7,19,42,3,2,6028,2,False
11107,1,7,19,67,3,2,3093,2,False
11108,1,7,19,1,3,2,1711,2,False
11108,1,7,19,2,3,2,6189,2,False
11108,1,7,19,3,3,2,202,2,False
11108,1,7,19,4,3,2,1586,2,False
11108,1,7,19,5,3,2,1525,2,False
11108,1,7,19,6,3,2,947,2,False
11108,1,7,19,7,3,2,948,2,False
11108,1,7,19,8,3,2,952,2,False
11108,1,7,19,9,3,2,953,2,False
11108,1,7,19,10,3,2,954,2,False
5502,1,2,20,42,3,2,6028,2,False
11108,1,2,20,1,3,2,1711,2,False
11108,1,2,20,2,3,2,6189,2,False
11108,1,2,20,3,3,2,202,2,False
11108,1,2,20,4,3,2,1586,2,False
11108,1,2,20,5,3,2,1525,2,False
11108,1,2,20,6,3,2,947,2,False
11108,1,2,20,7,3,2,948,2,False
11108,1,2,20,8,3,2,952,2,False
11108,1,2,20,9,3,2,953,2,False
11108,1,2,20,10,3,2,954,2,False
5502,1,3,20,42,3,2,6028,2,False
11107,1,3,20,67,3,2,3093,2,False
11108,1,3,20,1,3,2,1711,2,False
11108,1,3,20,2,3,2,6189,2,False
11108,1,3,20,3,3,2,202,2,False
11108,1,3,20,4,3,2,1586,2,False
11108,1,3,20,5,3,2,1525,2,False
11108,1,3,20,6,3,2,947,2,False
11108,1,3,20,7,3,2,948,2,False
11108,1,3,20,8,3,2,952,2,False
11108,1,3,20,9,3,2,953,2,False
11108,1,3,20,10,3,2,954,2,False
5502,1,4,20,42,3,2,6028,2,False
11108,1,4,20,1,3,2,1711,2,False
11108,1,4,20,2,3,2,6189,2,False
11108,1,4,20,3,3,2,202,2,False
11108,1,4,20,4,3,2,1586,2,False
11108,1,4,20,5,3,2,1525,2,False
11108,1,4,20,6,3,2,947,2,False
11108,1,4,20,7,3,2,948,2,False
11108,1,4,20,8,3,2,952,2,False
11108,1,4,20,9,3,2,953,2,False
11108,1,4,20,10,3,2,954,2,False
5502,1,5,20,42,3,2,6028,2,False
11107,1,5,20,67,3,2,3093,2,False
11108,1,5,20,1,3,2,1711,2,False
11108,1,5,20,2,3,2,6189,2,False
11108,1,5,20,3,3,2,202,2,False
11108,1,5,20,4,3,2,1586,2,False
11108,1,5,20,5,3,2,1525,2,False
11108,1,5,20,6,3,2,947,2,False
11108,1,5,20,7,3,2,948,2,False
11108,1,5,20,8,3,2,952,2,False
11108,1,5,20,9,3,2,953,2,False
11108,1,5,20,10,3,2,954,2,False
5502,1,7,20,42,3,2,6028,2,False
11108,1,7,20,1,3,2,1711,2,False
11108,1,7,20,2,3,2,6189,2,False
11108,1,7,20,3,3,2,202,2,False
11108,1,7,20,4,3,2,1586,2,False
11108,1,7,20,5,3,2,1525,2,False
11108,1,7,20,6,3,2,947,2,False
11108,1,7,20,7,3,2,948,2,False
11108,1,7,20,8,3,2,952,2,False
11108,1,7,20,9,3,2,953,2,False
11108,1,7,20,10,3,2,954,2,False
11107,1,1,21,67,3,2,3093,2,False
11108,1,1,21,1,3,2,1711,2,False
11108,1,1,21,2,3,2,6189,2,False
11108,1,1,21,3,3,2,202,2,False
11108,1,1,21,4,3,2,1586,2,False
11108,1,1,21,5,3,2,1525,2,False
11108,1,1,21,6,3,2,947,2,False
11108,1,1,21,7,3,2,948,2,False
11108,1,1,21,8,3,2,952,2,False
11108,1,1,21,9,3,2,953,2,False
11108,1,1,21,10,3,2,954,2,False
11107,1,2,21,67,3,2,3093,2,False
11108,1,2,21,1,3,2,1711,2,False
11108,1,2,21,2,3,2,6189,2,False
11108,1,2,21,3,3,2,202,2,False
11108,1,2,21,4,3,2,1586,2,False
11108,1,2,21,5,3,2,1525,2,False
11108,1,2,21,6,3,2,947,2,False
11108,1,2,21,7,3,2,948,2,False
11108,1,2,21,8,3,2,952,2,False
11108,1,2,21,9,3,2,953,2,False
11108,1,2,21,10,3,2,954,2,False
11107,1,3,21,67,3,2,3093,2,False
11108,1,3,21,1,3,2,1711,2,False
11108,1,3,21,2,3,2,6189,2,False
11108,1,3,21,3,3,2,202,2,False
11108,1,3,21,4,3,2,1586,2,False
11108,1,3,21,5,3,2,1525,2,False
11108,1,3,21,6,3,2,947,2,False
11108,1,3,21,7,3,2,948,2,False
11108,1,3,21,8,3,2,952,2,False
11108,1,3,21,9,3,2,953,2,False
11108,1,3,21,10,3,2,954,2,False
5502,1,4,21,42,3,2,6028,2,False
11107,1,4,21,67,3,2,3093,2,False
11108,1,4,21,1,3,2,1711,2,False
11108,1,4,21,2,3,2,6189,2,False
11108,1,4,21,3,3,2,202,2,False
11108,1,4,21,4,3,2,1586,2,False
11108,1,4,21,5,3,2,1525,2,False
11108,1,4,21,6,3,2,947,2,False
11108,1,4,21,7,3,2,948,2,False
11108,1,4,21,8,3,2,952,2,False
11108,1,4,21,9,3,2,953,2,False
11108,1,4,21,10,3,2,954,2,False
5502,1,5,21,42,3,2,6028,2,False
11107,1,5,21,67,3,2,3093,2,False
11108,1,5,21,1,3,2,1711,2,False
11108,1,5,21,2,3,2,6189,2,False
11108,1,5,21,3,3,2,202,2,False
11108,1,5,21,4,3,2,1586,2,False
11108,1,5,21,5,3,2,1525,2,False
11108,1,5,21,6,3,2,947,2,False
11108,1,5,21,7,3,2,948,2,False
11108,1,5,21,8,3,2,952,2,False
11108,1,5,21,9,3,2,953,2,False
11108,1,5,21,10,3,2,954,2,False
5502,1,7,21,42,3,2,6028,2,False
11107,1,7,21,67,3,2,3093,2,False
5502,1,1,22,42,3,2,6028,2,False
11108,1,1,22,1,3,2,1711,2,False
11108,1,1,22,2,3,2,6189,2,False
11108,1,1,22,3,3,2,202,2,False
11108,1,1,22,4,3,2,1586,2,False
11108,1,1,22,5,3,2,1525,2,False
11108,1,1,22,6,3,2,947,2,False
11108,1,1,22,7,3,2,948,2,False
11108,1,1,22,8,3,2,952,2,False
11108,1,1,22,9,3,2,953,2,False
11108,1,1,22,10,3,2,954,2,False
5502,1,2,22,42,3,2,6028,2,False
11108,1,2,22,1,3,2,1711,2,False
11108,1,2,22,2,3,2,6189,2,False
11108,1,2,22,3,3,2,202,2,False
11108,1,2,22,4,3,2,1586,2,False
11108,1,2,22,5,3,2,1525,2,False
11108,1,2,22,6,3,2,947,2,False
11108,1,2,22,7,3,2,948,2,False
11108,1,2,22,8,3,2,952,2,False
11108,1,2,22,9,3,2,953,2,False
11108,1,2,22,10,3,2,954,2,False
5502,1,3,22,42,3,2,6028,2,False
11107,1,3,22,67,3,2,3093,2,False
11108,1,3,22,1,3,2,1711,2,False
11108,1,3,22,2,3,2,6189,2,False
11108,1,3,22,3,3,2,202,2,False
11108,1,3,22,4,3,2,1586,2,False
11108,1,3,22,5,3,2,1525,2,False
11108,1,3,22,6,3,2,947,2,False
11108,1,3,22,7,3,2,948,2,False
11108,1,3,22,8,3,2,952,2,False
11108,1,3,22,9,3,2,953,2,False
11108,1,3,22,10,3,2,954,2,False
5502,1,4,22,42,3,2,6028,2,False
11107,1,4,22,67,3,2,3093,2,False
5502,1,5,22,42,3,2,6028,2,False
11108,1,5,22,1,3,2,1711,2,False
11108,1,5,22,2,3,2,6189,2,False
11108,1,5,22,3,3,2,202,2,False
11108,1,5,22,4,3,2,1586,2,False
11108,1,5,22,5,3,2,1525,2,False
11108,1,5,22,6,3,2,947,2,False
11108,1,5,22,7,3,2,948,2,False
11108,1,5,22,8,3,2,952,2,False
11108,1,5,22,9,3,2,953,2,False
11108,1,5,22,10,3,2,954,2,False
5502,1,7,22,42,3,2,6028,2,False
11107,1,7,22,67,3,2,3093,2,False
11107,1,1,23,67,3,2,3093,2,False
11108,1,1,23,1,3,2,1711,2,False
11108,1,1,23,2,3,2,6189,2,False
11108,1,1,23,3,3,2,202,2,False
11108,1,1,23,4,3,2,1586,2,False
11108,1,1,23,5,3,2,1525,2,False
11108,1,1,23,6,3,2,947,2,False
11108,1,1,23,7,3,2,948,2,False
11108,1,1,23,8,3,2,952,2,False
11108,1,1,23,9,3,2,953,2,False
11108,1,1,23,10,3,2,954,2,False
5502,1,2,23,42,3,2,6028,2,False
11107,1,2,23,67,3,2,3093,2,False
11108,1,2,23,1,3,2,1711,2,False
11108,1,2,23,2,3,2,6189,2,False
11108,1,2,23,3,3,2,202,2,False
11108,1,2,23,4,3,2,1586,2,False
11108,1,2,23,5,3,2,1525,2,False
11108,1,2,23,6,3,2,947,2,False
11108,1,2,23,7,3,2,948,2,False
11108,1,2,23,8,3,2,952,2,False
11108,1,2,23,9,3,2,953,2,False
11108,1,2,23,10,3,2,954,2,False
5502,1,3,23,42,3,2,6028,2,False
11108,1,3,23,1,3,2,1711,2,False
11108,1,3,23,2,3,2,6189,2,False
11108,1,3,23,3,3,2,202,2,False
11108,1,3,23,4,3,2,1586,2,False
11108,1,3,23,5,3,2,1525,2,False
11108,1,3,23,6,3,2,947,2,False
11108,1,3,23,7,3,2,948,2,False
11108,1,3,23,8,3,2,952,2,False
11108,1,3,23,9,3,2,953,2,False
11108,1,3,23,10,3,2,954,2,False
5502,1,4,23,42,3,2,6028,2,False
11108,1,4,23,1,3,2,1711,2,False
11108,1,4,23,2,3,2,6189,2,False
11108,1,4,23,3,3,2,202,2,False
11108,1,4,23,4,3,2,1586,2,False
11108,1,4,23,5,3,2,1525,2,False
11108,1,4,23,6,3,2,947,2,False
11108,1,4,23,7,3,2,948,2,False
11108,1,4,23,8,3,2,952,2,False
11108,1,4,23,9,3,2,953,2,False
11108,1,4,23,10,3,2,954,2,False
5502,1,5,23,42,3,2,6028,2,False
11107,1,5,23,67,3,2,3093,2,False
11108,1,5,23,1,3,2,1711,2,False
11108,1,5,23,2,3,2,6189,2,False
11108,1,5,23,3,3,2,202,2,False
11108,1,5,23,4,3,2,1586,2,False
11108,1,5,23,5,3,2,1525,2,False
11108,1,5,23,6,3,2,947,2,False
11108,1,5,23,7,3,2,948,2,False
11108,1,5,23,8,3,2,952,2,False
11108,1,5,23,9,3,2,953,2,False
11108,1,5,23,10,3,2,954,2,False
5502,1,7,23,42,3,2,6028,2,False
11108,1,7,23,1,3,2,1711,2,False
11108,1,7,23,2,3,2,6189,2,False
11108,1,7,23,3,3,2,202,2,False
11108,1,7,23,4,3,2,1586,2,False
11108,1,7,23,5,3,2,1525,2,False
11108,1,7,23,6,3,2,947,2,False
11108,1,7,23,7,3,2,948,2,False
11108,1,7,23,8,3,2,952,2,False
11108,1,7,23,9,3,2,953,2,False
11108,1,7,23,10,3,2,954,2,False
