route_name,direction_group,route_variant_id,count,n_stops,route_sequence_str,is_reference,n_missing,n_added,missing_stop_codes,missing_stop_names,added_stop_codes,in_display_set,cluster_id,variant_type,variant_type_confirmed
15,main,0,1201,48,3300-3301-5987-5988-9921-2540-1255-1028-1856-1024-1025-1620-1015-1014-2590-1655-2591-4050-1039-2258-6269-6299-1963-5200-6229-4216-463-623-6300-2399-5979-2260-2261-1053-6286-1905-1016-1013-1017-1021-1022-1858-1258-1754-5952-3304-3302-6267,True,0,0,[],[],[],True,,regular,True
15,main,1,4,47,3300-3301-5987-5988-9921-2540-1255-1028-1856-1024-1025-1620-1015-2590-1655-2591-4050-1039-2258-6269-6299-1963-5200-6229-4216-463-623-6300-2399-5979-2260-2261-1053-6286-1905-1016-1013-1017-1021-1022-1858-1258-1754-5952-3304-3302-6267,False,1,0,['1014'],['בני בתירא/בן זכאי'],[],False,,regular,False
22,direction_A,0,1023,55,3324-6268-9907-9908-3097-2181-9981-1629-5895-1014-2590-1655-2753-4044-1630-2591-4050-1039-1054-1575-1484-1079-3857-3605-4173-3818-3858-4037-1171-903-3678-1352-1731-1927-3637-2804-2802-2882-2806-5854-2569-2573-2620-2624-2707-2708-2710-2825-6215-2826-3849-2855-2856-6214-1487,True,0,0,[],[],[],True,,regular,True
22,direction_A,1,96,51,3324-6268-9907-9908-3097-2181-9981-1629-5895-1014-2590-1655-2753-4044-1630-2591-4050-1039-1054-3605-4173-3818-3858-4037-1171-903-3678-1352-1731-1927-3637-2804-2802-2882-2806-5854-2569-2573-2620-2624-2707-2708-2710-2825-6215-2826-3849-2855-2856-6214-1487,False,4,0,"['1575', '1484', '1079', '3857']","['עזה/הרב ברלין', ""עזה/רד''ק"", 'עזה/בלפור', ""המלך ג'ורג'/קק''ל""]",[],True,,regular,False
22,direction_A,2,2,54,3324-6268-9907-9908-3097-2181-9981-1629-5895-1014-2590-1655-2753-4044-1630-2591-4050-1039-1054-1484-1079-3857-3605-4173-3818-3858-4037-1171-903-3678-1352-1731-1927-3637-2804-2802-2882-2806-5854-2569-2573-2620-2624-2707-2708-2710-2825-6215-2826-3849-2855-2856-6214-1487,False,1,0,['1575'],['עזה/הרב ברלין'],[],True,,regular,False
22,direction_A,3,2,47,3324-6268-9907-9908-3097-2181-9981-1629-5895-1014-2590-1655-2753-4044-1630-2591-4050-1039-1054-3605-4173-903-3678-1352-1731-1927-3637-2804-2802-2882-2806-5854-2569-2573-2620-2624-2707-2708-2710-2825-6215-2826-3849-2855-2856-6214-1487,False,8,0,"['1575', '1484', '1079', '3857', '3818', '3858', '4037', '1171']","['עזה/הרב ברלין', ""עזה/רד''ק"", 'עזה/בלפור', ""המלך ג'ורג'/קק''ל"", 'שטראוס/פראג', 'ככר השבת/שטראוס', 'יחזקאל/הושע', 'יחזקאל/רבנו גרשום']",[],True,22_direction_A_cluster_1,blocked,False
22,direction_A,4,2,52,3324-6268-9907-9908-3097-2181-9981-1629-5895-1014-2590-1655-2753-4044-1630-2591-4050-1039-1054-1575-3605-4173-3818-3858-4037-1171-903-3678-1352-1731-1927-3637-2804-2802-2882-2806-5854-2569-2573-2620-2624-2707-2708-2710-2825-6215-2826-3849-2855-2856-6214-1487,False,3,0,"['1484', '1079', '3857']","[""עזה/רד''ק"", 'עזה/בלפור', ""המלך ג'ורג'/קק''ל""]",[],True,,regular,False
22,direction_A,5,2,51,3324-6268-9907-9908-3097-2181-9981-1629-5895-1014-2590-1655-2753-4044-1630-2591-4050-1039-1054-1575-1484-1079-3857-3605-4173-903-3678-1352-1731-1927-3637-2804-2802-2882-2806-5854-2569-2573-2620-2624-2707-2708-2710-2825-6215-2826-3849-2855-2856-6214-1487,False,4,0,"['3818', '3858', '4037', '1171']","['שטראוס/פראג', 'ככר השבת/שטראוס', 'יחזקאל/הושע', 'יחזקאל/רבנו גרשום']",[],False,,regular,False
22,direction_A,6,1,52,3324-6268-9907-9908-3097-2181-9981-1629-5895-1014-2590-1655-2753-4044-1630-2591-4050-1039-1054-1575-1484-1079-3857-3605-4173-3818-903-3678-1352-1731-1927-3637-2804-2802-2882-2806-5854-2569-2573-2620-2624-2707-2708-2710-2825-6215-2826-3849-2855-2856-6214-1487,False,3,0,"['3858', '4037', '1171']","['ככר השבת/שטראוס', 'יחזקאל/הושע', 'יחזקאל/רבנו גרשום']",[],False,,regular,False
22,direction_A,7,1,53,3324-6268-9907-9908-3097-2181-9981-1629-5895-1014-2590-1655-2753-4044-1630-2591-4050-1039-1054-1079-3857-3605-4173-3818-3858-4037-1171-903-3678-1352-1731-1927-3637-2804-2802-2882-2806-5854-2569-2573-2620-2624-2707-2708-2710-2825-6215-2826-3849-2855-2856-6214-1487,False,2,0,"['1575', '1484']","['עזה/הרב ברלין', ""עזה/רד''ק""]",[],True,,regular,False
22,direction_A,8,1,54,3324-6268-9907-9908-3097-2181-9981-1629-5895-1014-2590-1655-2753-4044-1630-2591-4050-1039-1054-1575-1484-1079-3857-3605-4173-3818-3858-4037-1171-903-1352-1731-1927-3637-2804-2802-2882-2806-5854-2569-2573-2620-2624-2707-2708-2710-2825-6215-2826-3849-2855-2856-6214-1487,False,1,0,['3678'],['ארץ חפץ/חטיבת הראל'],[],False,,regular,False
22,direction_A,9,1,54,3324-6268-9907-9908-3097-2181-9981-1629-5895-1014-2590-1655-2753-4044-1630-2591-4050-1039-1054-1575-1484-1079-3857-3605-4173-3818-3858-4037-903-3678-1352-1731-1927-3637-2804-2802-2882-2806-5854-2569-2573-2620-2624-2707-2708-2710-2825-6215-2826-3849-2855-2856-6214-1487,False,1,0,['1171'],['יחזקאל/רבנו גרשום'],[],False,,regular,False
22,direction_A,10,1,49,3324-6268-9907-9908-3097-2181-9981-1629-5895-1014-2590-1655-2753-4044-1630-2591-4050-1039-1054-4173-3858-4037-1171-903-3678-1352-1731-1927-3637-2804-2802-2882-2806-5854-2569-2573-2620-2624-2707-2708-2710-2825-6215-2826-3849-2855-2856-6214-1487,False,6,0,"['1575', '1484', '1079', '3857', '3605', '3818']","['עזה/הרב ברלין', ""עזה/רד''ק"", 'עזה/בלפור', ""המלך ג'ורג'/קק''ל"", ""המלך ג'ורג'/בן יהודה"", 'שטראוס/פראג']",[],True,22_direction_A_cluster_1,blocked,False
22,direction_A,11,1,53,3324-6268-9907-9908-3097-2181-9981-1629-5895-1014-2590-1655-2753-4044-1630-2591-4050-1039-1054-1575-1484-1079-3857-3605-4173-3818-3858-903-3678-1352-1731-1927-3637-2804-2802-2882-2806-5854-2569-2573-2620-2624-2707-2708-2710-2825-6215-2826-3849-2855-2856-6214-1487,False,2,0,"['4037', '1171']","['יחזקאל/הושע', 'יחזקאל/רבנו גרשום']",[],False,,regular,False
22,direction_A,12,1,54,3324-6268-9907-9908-3097-2181-9981-1629-5895-1014-2590-1655-2753-4044-1630-2591-4050-1039-1054-1575-1079-3857-3605-4173-3818-3858-4037-1171-903-3678-1352-1731-1927-3637-2804-2802-2882-2806-5854-2569-2573-2620-2624-2707-2708-2710-2825-6215-2826-3849-2855-2856-6214-1487,False,1,0,['1484'],"[""עזה/רד''ק""]",[],True,,regular,False
22,direction_A,13,1,52,3324-6268-9907-9908-3097-2181-9981-1629-5895-1014-2590-1655-2753-4044-1630-2591-4050-1039-1054-1575-1484-1079-3857-3605-4173-3818-3858-4037-1171-903-3678-1352-1731-1927-3637-2804-2802-2882-2806-5854-2569-2573-2620-2624-2707-2710-2825-2826-2855-2856-6214-1487,False,3,0,"['2708', '6215', '3849']","['חיל האויר/הסיירת הירושלמית', 'פארק ארכיאולוגי/חיל האויר', ""תחנת רקל''ה חיל האויר/משה דיין""]",[],False,,regular,False
22,direction_A,14,1,54,3324-6268-9907-9908-3097-2181-9981-1629-5895-1014-2590-1655-2753-4044-1630-2591-4050-1039-1054-1575-1484-1079-3605-4173-3818-3858-4037-1171-903-3678-1352-1731-1927-3637-2804-2802-2882-2806-5854-2569-2573-2620-2624-2707-2708-2710-2825-6215-2826-3849-2855-2856-6214-1487,False,1,0,['3857'],"[""המלך ג'ורג'/קק''ל""]",[],True,,regular,False
22,direction_B,0,933,52,61-3009-2853-3010-2854-3012-3232-2823-3238-2706-3661-2623-5991-2621-2572-3847-3014-2809-2798-2803-1799-1783-1784-1375-1347-1344-1150-3008-3607-3352-4174-3855-4175-1418-1077-1073-2260-2261-1053-1676-2589-6028-1905-1016-1012-4249-2180-1638-1639-1651-570-3294,True,0,0,[],[],[],True,,regular,True
22,direction_B,1,157,52,61-3009-2853-3010-2854-3012-3232-2823-3238-2706-3661-2623-5991-2621-2572-3847-3014-2809-2798-2803-1799-1783-1784-1375-1347-1344-1150-3008-3607-3352-4174-3855-4175-1418-1077-1073-2260-2261-1053-1676-2589-6286-1905-1016-1012-4249-2180-1638-1639-1651-570-3294,False,1,1,['6028'],['Unknown(6028)'],['6286'],True,,regular,False
22,direction_B,2,29,51,61-3009-2853-3010-2854-3012-3232-2823-3238-2706-3661-2623-5991-2621-2572-3847-3014-2809-2798-2803-1799-1783-1784-1375-1347-1344-1150-3008-3607-3352-4174-3855-1418-1077-1073-2260-2261-1053-1676-2589-6028-1905-1016-1012-4249-2180-1638-1639-1651-570-3294,False,1,0,['4175'],['Unknown(4175)'],[],True,,regular,False
22,direction_B,3,5,49,61-3009-2853-3010-2854-3012-3232-2823-3238-2706-3661-2623-5991-2621-2572-3847-3014-2809-2798-2803-1799-1783-1784-1375-1347-1344-3352-4174-3855-4175-1418-1077-1073-2260-2261-1053-1676-2589-6028-1905-1016-1012-4249-2180-1638-1639-1651-570-3294,False,3,0,"['1150', '3008', '3607']","['Unknown(1150)', 'Unknown(3008)', 'Unknown(3607)']",[],True,,regular,False
22,direction_B,4,3,51,61-3009-2853-3010-2854-3012-3232-2823-3238-2706-3661-2623-5991-2621-2572-3847-3014-2809-2798-2803-1799-1783-1784-1375-1347-1344-1150-3008-3607-3352-4174-3855-1418-1077-1073-2260-2261-1053-1676-2589-6286-1905-1016-1012-4249-2180-1638-1639-1651-570-3294,False,2,1,"['4175', '6028']","['Unknown(4175)', 'Unknown(6028)']",['6286'],False,,regular,False
22,direction_B,5,2,50,61-3009-2853-3010-2854-3012-3232-2823-3238-2706-3661-2623-5991-2621-2572-3847-3014-2809-2798-2803-1799-1783-1784-1375-1347-1344-1150-3008-3607-3352-4174-3855-1418-1077-2260-2261-1053-1676-2589-6028-1905-1016-1012-4249-2180-1638-1639-1651-570-3294,False,2,0,"['4175', '1073']","['Unknown(4175)', 'Unknown(1073)']",[],False,,regular,False
22,direction_B,6,1,50,61-3009-2853-3010-2854-3012-3232-2823-3238-2706-3661-2623-5991-2621-2572-3847-3014-2809-2798-2803-1799-1783-1784-1375-1347-1344-1150-3008-3607-3352-4174-3855-1077-1073-2260-2261-1053-1676-2589-6028-1905-1016-1012-4249-2180-1638-1639-1651-570-3294,False,2,0,"['4175', '1418']","['Unknown(4175)', 'Unknown(1418)']",[],False,,regular,False
22,direction_B,7,1,41,61-3009-2853-3010-2854-3012-3232-2823-3238-2706-3661-2623-5991-2621-2572-3847-3014-2809-2798-2803-1799-3352-1418-1077-1073-2260-2261-1053-1676-2589-6028-1905-1016-1012-4249-2180-1638-1639-1651-570-3294,False,11,0,"['1783', '1784', '1375', '1347', '1344', '1150', '3008', '3607', '4174', '3855', '4175']","['Unknown(1783)', 'Unknown(1784)', 'Unknown(1375)', 'Unknown(1347)', 'Unknown(1344)', 'Unknown(1150)', 'Unknown(3008)', 'Unknown(3607)', 'Unknown(4174)', 'Unknown(3855)', 'Unknown(4175)']",[],False,22_direction_B_cluster_1,blocked,False
19,direction_A,0,1163,42,2314-2323-5592-972-938-2754-1511-942-2040-4256-2391-1586-1525-1526-949-1054-1575-1484-1079-1080-1544-1546-1555-2024-3605-4173-3379-2246-3230-2899-5951-2813-2424-427-9999-1435-1444-1445-1371-1368-1367-1370,True,0,0,[],[],[],True,,regular,True
19,direction_A,1,84,36,2314-2323-5592-972-938-2754-1511-942-2040-4256-2391-1586-1525-1526-949-1054-1555-2024-3605-4173-3379-2246-3230-2899-5951-2813-2424-427-9999-1435-1444-1445-1371-1368-1367-1370,False,6,0,"['1575', '1484', '1079', '1080', '1544', '1546']","['עזה/הרב ברלין', ""עזה/רד''ק"", 'עזה/בלפור', ""רמב''ן/אבן עזרא"", ""קק''ל/אוסישקין"", 'אוסישקין/נרקיס']",[],True,19_direction_A_cluster_1,blocked,False
19,direction_A,2,37,40,9975-972-938-2754-1511-942-2040-4256-2391-1586-1525-1526-949-1054-1575-1484-1079-1080-1544-1546-1555-2024-3605-4173-3379-2246-3230-2899-5951-2813-2424-427-9999-1435-1444-1445-1371-1368-1367-1370,False,3,1,"['2314', '2323', '5592']","['כניסה ראשית/הדסה עין כרם', 'מרכז הסטודנט/הדסה עין כרם', 'צומת אורה']",['9975'],True,,regular,False
19,direction_A,3,7,39,2314-2323-5592-972-938-2754-1511-942-2040-4256-2391-1586-1525-1526-949-1054-1575-1484-1079-1555-2024-3605-4173-3379-2246-3230-2899-5951-2813-2424-427-9999-1435-1444-1445-1371-1368-1367-1370,False,3,0,"['1080', '1544', '1546']","[""רמב''ן/אבן עזרא"", ""קק''ל/אוסישקין"", 'אוסישקין/נרקיס']",[],True,,regular,False
19,direction_A,4,5,39,2314-2323-5592-972-938-2754-1511-942-2040-4256-2391-1586-1525-1526-949-1054-1575-1484-1079-1080-1544-1546-1555-2024-3605-4173-3379-2246-3230-2899-5951-2813-2424-427-9999-1435-1444-1445-1371,False,3,0,"['1368', '1367', '1370']","['מחנה עופרית/מרטין בובר', 'אקדמיה בצלאל/מרטין בובר', 'מסוף הר הצופים/מרטין בובר']",[],True,,regular,False
19,direction_A,5,4,41,2314-2323-5592-972-938-2754-1511-942-2040-4256-2391-1586-1525-1526-949-1054-1575-1484-1079-1080-1544-1546-1555-2024-3605-4173-3379-2246-3230-2899-5951-2813-2424-427-9999-1435-1444-1445-1371-1368-1367,False,1,0,['1370'],['מסוף הר הצופים/מרטין בובר'],[],False,,regular,False
19,direction_A,6,2,40,2314-2323-5592-972-938-2754-1511-942-2040-4256-2391-1586-1525-1526-949-1054-1575-1484-1079-1080-1555-2024-3605-4173-3379-2246-3230-2899-5951-2813-2424-427-9999-1435-1444-1445-1371-1368-1367-1370,False,2,0,"['1544', '1546']","[""קק''ל/אוסישקין"", 'אוסישקין/נרקיס']",[],True,,regular,False
19,direction_A,7,2,41,2314-2323-5592-972-938-2754-1511-942-2040-4256-2391-1586-1525-1526-949-1054-1575-1484-1079-1080-1544-1555-2024-3605-4173-3379-2246-3230-2899-5951-2813-2424-427-9999-1435-1444-1445-1371-1368-1367-1370,False,1,0,['1546'],['אוסישקין/נרקיס'],[],True,,regular,False
19,direction_A,8,1,41,2314-2323-5592-972-938-2754-1511-942-2040-4256-2391-1586-1525-1526-949-1054-1484-1079-1080-1544-1546-1555-2024-3605-4173-3379-2246-3230-2899-5951-2813-2424-427-9999-1435-1444-1445-1371-1368-1367-1370,False,1,0,['1575'],['עזה/הרב ברלין'],[],True,,regular,False
19,direction_A,9,1,39,2314-2323-5592-972-938-2754-1511-942-2040-4256-2391-1586-1525-1526-949-1054-1080-1544-1546-1555-2024-3605-4173-3379-2246-3230-2899-5951-2813-2424-427-9999-1435-1444-1445-1371-1368-1367-1370,False,3,0,"['1575', '1484', '1079']","['עזה/הרב ברלין', ""עזה/רד''ק"", 'עזה/בלפור']",[],True,,regular,False
19,direction_A,10,1,38,2314-2323-5592-972-938-2754-1511-942-2040-4256-2391-1586-1525-1526-949-1054-1575-1484-1555-2024-3605-4173-3379-2246-3230-2899-5951-2813-2424-427-9999-1435-1444-1445-1371-1368-1367-1370,False,4,0,"['1079', '1080', '1544', '1546']","['עזה/בלפור', ""רמב''ן/אבן עזרא"", ""קק''ל/אוסישקין"", 'אוסישקין/נרקיס']",[],True,,regular,False
19,direction_A,11,1,34,9975-972-938-2754-1511-942-2040-4256-2391-1586-1525-1526-949-1054-1555-2024-3605-4173-3379-2246-3230-2899-5951-2813-2424-427-9999-1435-1444-1445-1371-1368-1367-1370,False,9,1,"['2314', '2323', '5592', '1575', '1484', '1079', '1080', '1544', '1546']","['כניסה ראשית/הדסה עין כרם', 'מרכז הסטודנט/הדסה עין כרם', 'צומת אורה', 'עזה/הרב ברלין', ""עזה/רד''ק"", 'עזה/בלפור', ""רמב''ן/אבן עזרא"", ""קק''ל/אוסישקין"", 'אוסישקין/נרקיס']",['9975'],True,19_direction_A_cluster_1,blocked,False
19,direction_A,12,1,41,2314-2323-5592-972-938-2754-1511-942-2040-4256-2391-1586-1525-1526-949-1054-1575-1079-1080-1544-1546-1555-2024-3605-4173-3379-2246-3230-2899-5951-2813-2424-427-9999-1435-1444-1445-1371-1368-1367-1370,False,1,0,['1484'],"[""עזה/רד''ק""]",[],True,,regular,False
19,direction_A,13,1,40,2314-2323-5592-972-938-2754-1511-942-2040-4256-2391-1586-1525-1526-949-1054-1575-1080-1544-1546-1555-2024-3605-4173-3379-2246-3230-2899-5951-2813-2424-427-9999-1435-1444-1445-1371-1368-1367-1370,False,2,0,"['1484', '1079']","[""עזה/רד''ק"", 'עזה/בלפור']",[],True,,regular,False
19,direction_A,14,1,37,2314-2323-5592-972-938-2754-1511-942-2040-4256-2391-1586-1525-1526-949-1054-1575-1484-1079-1080-1544-1546-1555-2024-3605-4173-3379-2246-3230-2899-5951-2813-2424-427-1445-1371-1370,False,5,0,"['9999', '1435', '1444', '1368', '1367']","[""אהרון קציר/שדרות צ'רצ'יל"", ""שד' צ'רצ'יל/קציר"", ""הדסה הר הצופים/שד' צ'רצ'יל"", 'מחנה עופרית/מרטין בובר', 'אקדמיה בצלאל/מרטין בובר']",[],False,19_direction_A_cluster_2,blocked,False
19,direction_A,15,1,38,2314-2323-5592-972-938-2754-1511-942-2040-4256-2391-1586-1525-1526-949-1054-1575-1484-1079-1080-1544-1546-1555-2024-3605-4173-3379-2246-3230-2899-5951-2813-2424-427-1371-1368-1367-1370,False,4,0,"['9999', '1435', '1444', '1445']","[""אהרון קציר/שדרות צ'רצ'יל"", ""שד' צ'רצ'יל/קציר"", ""הדסה הר הצופים/שד' צ'רצ'יל"", ""האוניברסיטה העברית/שד' צ'רצ'יל""]",[],False,,regular,False
19,direction_A,16,1,38,2314-2323-5592-972-938-2754-1511-942-2040-4256-2391-1586-1525-1526-949-1054-1575-1079-1555-2024-3605-4173-3379-2246-3230-2899-5951-2813-2424-427-9999-1435-1444-1445-1371-1368-1367-1370,False,4,0,"['1484', '1080', '1544', '1546']","[""עזה/רד''ק"", ""רמב''ן/אבן עזרא"", ""קק''ל/אוסישקין"", 'אוסישקין/נרקיס']",[],True,,regular,False
19,direction_A,17,1,35,2314-2323-5592-972-938-2754-1511-942-2040-4256-2391-1586-1525-1526-949-1054-1555-2024-3605-4173-3379-2246-3230-2899-5951-2813-2424-427-9999-1435-1444-1445-1371-1367-1370,False,7,0,"['1575', '1484', '1079', '1080', '1544', '1546', '1368']","['עזה/הרב ברלין', ""עזה/רד''ק"", 'עזה/בלפור', ""רמב''ן/אבן עזרא"", ""קק''ל/אוסישקין"", 'אוסישקין/נרקיס', 'מחנה עופרית/מרטין בובר']",[],True,19_direction_A_cluster_1,blocked,False
19,direction_B,0,1194,37,1366-1365-1369-1431-1434-394-1854-9808-2815-2816-1956-2364-2836-9863-3541-1570-1574-1554-1545-1081-1077-1073-1523-978-1512-1539-2392-2069-932-933-3851-5593-931-5591-2325-2985-2326,True,0,0,[],[],[],True,,regular,True
19,direction_B,1,62,34,1366-1365-1369-1431-1434-394-1854-9808-2815-2816-1956-2364-2836-9863-3541-1570-1574-1554-1545-1523-978-1512-1539-2392-2069-932-933-3851-5593-931-5591-2325-2985-2326,False,3,0,"['1081', '1077', '1073']","['Unknown(1081)', 'Unknown(1077)', 'Unknown(1073)']",[],True,,regular,False
19,direction_B,2,52,32,1366-1365-1369-1431-1434-394-1854-9808-2815-2816-1956-2364-2836-9863-3541-1570-1574-1523-978-1512-1539-2392-2069-932-933-3851-5593-931-5591-2325-2985-2326,False,5,0,"['1554', '1545', '1081', '1077', '1073']","['Unknown(1554)', 'Unknown(1545)', 'Unknown(1081)', 'Unknown(1077)', 'Unknown(1073)']",[],True,19_direction_B_cluster_1,blocked,False
19,direction_B,3,17,36,1366-1365-1369-1431-1434-394-1854-9808-2815-2816-1956-2364-2836-9863-3541-1570-1574-1554-1545-1081-1077-1523-978-1512-1539-2392-2069-932-933-3851-5593-931-5591-2325-2985-2326,False,1,0,['1073'],['Unknown(1073)'],[],True,,regular,False
19,direction_B,4,12,29,2721-2528-2339-2345-2360-2150-2152-2163-2547-2548-2160-2168-201-9801-2714-2715-2181-1539-2392-2069-932-933-3851-5593-931-5591-2325-2985-2326,False,25,17,"['1366', '1365', '1369', '1431', '1434', '394', '1854', '9808', '2815', '2816', '1956', '2364', '2836', '9863', '3541', '1570', '1574', '1554', '1545', '1081', '1077', '1073', '1523', '978', '1512']","['Unknown(1366)', 'Unknown(1365)', 'Unknown(1369)', 'Unknown(1431)', 'Unknown(1434)', 'Unknown(394)', 'Unknown(1854)', 'Unknown(9808)', 'Unknown(2815)', 'Unknown(2816)', 'Unknown(1956)', 'Unknown(2364)', 'Unknown(2836)', 'Unknown(9863)', 'Unknown(3541)', 'Unknown(1570)', 'Unknown(1574)', 'Unknown(1554)', 'Unknown(1545)', 'Unknown(1081)', 'Unknown(1077)', 'Unknown(1073)', 'Unknown(1523)', 'Unknown(978)', 'Unknown(1512)']","['2721', '2528', '2339', '2345', '2360', '2150', '2152', '2163', '2547', '2548', '2160', '2168', '201', '9801', '2714', '2715', '2181']",True,19_direction_B_cluster_1,ambiguous,False
19,direction_B,5,12,12,1539-2392-2069-932-933-3851-5593-931-5591-2325-2985-2326,False,25,0,"['1366', '1365', '1369', '1431', '1434', '394', '1854', '9808', '2815', '2816', '1956', '2364', '2836', '9863', '3541', '1570', '1574', '1554', '1545', '1081', '1077', '1073', '1523', '978', '1512']","['Unknown(1366)', 'Unknown(1365)', 'Unknown(1369)', 'Unknown(1431)', 'Unknown(1434)', 'Unknown(394)', 'Unknown(1854)', 'Unknown(9808)', 'Unknown(2815)', 'Unknown(2816)', 'Unknown(1956)', 'Unknown(2364)', 'Unknown(2836)', 'Unknown(9863)', 'Unknown(3541)', 'Unknown(1570)', 'Unknown(1574)', 'Unknown(1554)', 'Unknown(1545)', 'Unknown(1081)', 'Unknown(1077)', 'Unknown(1073)', 'Unknown(1523)', 'Unknown(978)', 'Unknown(1512)']",[],False,19_direction_B_cluster_1,ambiguous,False
19,direction_B,6,2,35,1366-1365-1369-1431-1434-394-1854-9808-2815-2816-1956-2364-2836-9863-3541-1570-1574-1554-1545-1077-1523-978-1512-1539-2392-2069-932-933-3851-5593-931-5591-2325-2985-2326,False,2,0,"['1081', '1073']","['Unknown(1081)', 'Unknown(1073)']",[],False,,regular,False
19,direction_B,7,2,36,1366-1365-1369-1431-1434-394-1854-9808-2815-2816-1956-2364-2836-9863-3541-1570-1574-1554-1545-1077-1073-1523-978-1512-1539-2392-2069-932-933-3851-5593-931-5591-2325-2985-2326,False,1,0,['1081'],['Unknown(1081)'],[],False,,regular,False
19,direction_B,8,2,31,1366-1369-1431-1434-394-1854-9808-2815-2816-1956-2364-2836-9863-3541-1570-1574-1523-978-1512-1539-2392-2069-932-933-3851-5593-931-5591-2325-2985-2326,False,6,0,"['1365', '1554', '1545', '1081', '1077', '1073']","['Unknown(1365)', 'Unknown(1554)', 'Unknown(1545)', 'Unknown(1081)', 'Unknown(1077)', 'Unknown(1073)']",[],False,19_direction_B_cluster_1,blocked,False
19,direction_B,9,1,35,1366-1365-1369-1431-1434-394-1854-9808-2815-2816-1956-2364-2836-9863-3541-1570-1574-1554-1545-1073-1523-978-1512-1539-2392-2069-932-933-3851-5593-931-5591-2325-2985-2326,False,2,0,"['1081', '1077']","['Unknown(1081)', 'Unknown(1077)']",[],False,,regular,False
19,direction_B,10,1,33,1366-1365-1369-1431-1434-394-1854-9808-2815-2816-1956-2364-2836-9863-3541-1570-1574-1545-1523-978-1512-1539-2392-2069-932-933-3851-5593-931-5591-2325-2985-2326,False,4,0,"['1554', '1081', '1077', '1073']","['Unknown(1554)', 'Unknown(1081)', 'Unknown(1077)', 'Unknown(1073)']",[],False,19_direction_B_cluster_1,blocked,False
19,direction_B,11,1,36,1366-1369-1431-1434-394-1854-9808-2815-2816-1956-2364-2836-9863-3541-1570-1574-1554-1545-1081-1077-1073-1523-978-1512-1539-2392-2069-932-933-3851-5593-931-5591-2325-2985-2326,False,1,0,['1365'],['Unknown(1365)'],[],False,,regular,False
17,direction_A,0,288,47,6004-6081-9995-6124-3027-3004-9975-3561-9882-3245-5891-3668-5923-3246-3249-3250-2922-1586-1525-1526-949-1054-1575-1484-1079-1080-1544-1546-1555-2024-3605-4173-3379-2246-255-257-264-2410-427-9999-1435-1444-1445-1371-1368-1367-1370,True,0,0,[],[],[],True,,regular,True
17,direction_A,1,199,48,6004-6081-9995-6124-3027-3004-9975-3561-9882-3245-5891-3668-5923-3246-3249-3250-2922-1586-1525-1698-1526-949-1054-1575-1484-1079-1080-1544-1546-1555-2024-3605-4173-3379-2246-255-257-264-2410-427-9999-1435-1444-1445-1371-1368-1367-1370,False,0,1,[],[],['1698'],True,,regular,False
17,direction_A,2,27,41,6004-6081-9995-6124-3027-3004-9975-3561-9882-3245-5891-3668-5923-3246-3249-3250-2922-1586-1525-1526-949-1054-1555-2024-3605-4173-3379-2246-255-257-264-2410-427-9999-1435-1444-1445-1371-1368-1367-1370,False,6,0,"['1575', '1484', '1079', '1080', '1544', '1546']","['עזה/הרב ברלין', ""עזה/רד''ק"", 'עזה/בלפור', ""רמב''ן/אבן עזרא"", ""קק''ל/אוסישקין"", 'אוסישקין/נרקיס']",[],True,17_direction_A_cluster_1,blocked,False
17,direction_A,3,14,42,6004-6081-9995-6124-3027-3004-9975-3561-9882-3245-5891-3668-5923-3246-3249-3250-2922-1586-1525-1698-1526-949-1054-1555-2024-3605-4173-3379-2246-255-257-264-2410-427-9999-1435-1444-1445-1371-1368-1367-1370,False,6,1,"['1575', '1484', '1079', '1080', '1544', '1546']","['עזה/הרב ברלין', ""עזה/רד''ק"", 'עזה/בלפור', ""רמב''ן/אבן עזרא"", ""קק''ל/אוסישקין"", 'אוסישקין/נרקיס']",['1698'],True,17_direction_A_cluster_1,blocked,False
17,direction_A,4,4,44,6004-6081-9995-6124-3027-3004-9975-3561-9882-3245-5891-3668-5923-3246-3249-3250-2922-1586-1525-1698-1526-949-1054-1575-1484-1079-1080-1544-1546-1555-2024-3605-4173-3379-2246-427-9999-1435-1444-1445-1371-1368-1367-1370,False,4,1,"['255', '257', '264', '2410']","['משרד המשפטים/צלאח א דין', 'דרך שכם/לואי ונסן', 'דרך שכם/טובלר', 'דרך הר הזיתים/נשאשיבי']",['1698'],False,,regular,False
17,direction_A,5,3,44,6004-6081-9995-6124-3027-3004-9975-3561-9882-3245-5891-3668-5923-3246-3249-3250-2922-1586-1525-1526-949-1054-1575-1484-1079-1080-1544-1546-1555-2024-3605-4173-3379-2246-255-257-264-2410-427-9999-1435-1444-1445-1371,False,3,0,"['1368', '1367', '1370']","['מחנה עופרית/מרטין בובר', 'אקדמיה בצלאל/מרטין בובר', 'מסוף הר הצופים/מרטין בובר']",[],False,,regular,False
17,direction_A,6,2,46,6004-6081-9995-6124-3027-3004-9975-3561-9882-3245-5891-3668-5923-3246-3249-3250-2922-1586-1525-1526-949-1054-1575-1484-1079-1080-1544-1546-1555-2024-3605-4173-3379-2246-255-257-264-2410-427-9999-1435-1444-1445-1371-1368-1367,False,1,0,['1370'],['מסוף הר הצופים/מרטין בובר'],[],False,,regular,False
17,direction_A,7,1,46,6004-6081-9995-6124-3027-3004-9975-3561-9882-3245-5891-3668-5923-3246-3249-3250-2922-1586-1525-1698-1526-949-1054-1575-1484-1544-1546-1555-2024-3605-4173-3379-2246-255-257-264-2410-427-9999-1435-1444-1445-1371-1368-1367-1370,False,2,1,"['1079', '1080']","['עזה/בלפור', ""רמב''ן/אבן עזרא""]",['1698'],True,,regular,False
17,direction_A,8,1,47,6004-6081-9995-6124-3027-3004-9975-3561-9882-3245-5891-3668-5923-3246-3249-3250-2922-1525-1698-1526-949-1054-1575-1484-1079-1080-1544-1546-1555-2024-3605-4173-3379-2246-255-257-264-2410-427-9999-1435-1444-1445-1371-1368-1367-1370,False,1,1,['1586'],['גולומב/סן מרטין'],['1698'],False,,regular,False
17,direction_A,9,1,40,6004-6081-9995-6124-3027-3004-9975-3561-9882-3245-5891-3668-5923-3246-3249-3250-2922-1586-1525-1526-949-1054-1555-2024-3605-4173-3379-2246-255-257-264-2410-427-9999-1435-1444-1445-1371-1368-1367,False,7,0,"['1575', '1484', '1079', '1080', '1544', '1546', '1370']","['עזה/הרב ברלין', ""עזה/רד''ק"", 'עזה/בלפור', ""רמב''ן/אבן עזרא"", ""קק''ל/אוסישקין"", 'אוסישקין/נרקיס', 'מסוף הר הצופים/מרטין בובר']",[],True,17_direction_A_cluster_1,blocked,False
17,direction_A,10,1,46,6004-6081-9995-6124-3027-3004-9975-3561-9882-3245-5891-3668-5923-3246-3249-3250-2922-1586-1525-1526-949-1054-1575-1484-1079-1080-1544-1546-1555-2024-3605-4173-3379-2246-255-257-264-2410-427-9999-1435-1444-1445-1371-1368-1370,False,1,0,['1367'],['אקדמיה בצלאל/מרטין בובר'],[],False,,regular,False
17,direction_A,11,1,43,6004-3004-9975-3561-9882-3245-5891-3668-5923-3246-3249-3250-2922-1586-1525-1526-949-1054-1575-1484-1079-1080-1544-1546-1555-2024-3605-4173-3379-2246-255-257-264-2410-427-9999-1435-1444-1445-1371-1368-1367-1370,False,4,0,"['6081', '9995', '6124', '3027']","[""דולצ'ין/נחמיה"", ""דולצ'ין/יורם רונן"", ""בי''ס היובל/דולצ'ין"", ""מרכז מסחרי/דולצ'ין""]",[],False,,regular,False
17,direction_A,12,1,44,6004-6081-9995-6124-3027-3004-9975-3561-9882-3245-5891-3668-5923-3246-3249-3250-2922-1586-1525-1526-949-1054-1575-1484-1079-1555-2024-3605-4173-3379-2246-255-257-264-2410-427-9999-1435-1444-1445-1371-1368-1367-1370,False,3,0,"['1080', '1544', '1546']","[""רמב''ן/אבן עזרא"", ""קק''ל/אוסישקין"", 'אוסישקין/נרקיס']",[],True,,regular,False
17,direction_A,13,1,41,6004-6081-9995-6124-3027-3004-9975-3561-9882-3245-5891-3668-5923-3246-3249-3250-2922-1586-1525-1526-949-1054-1575-1484-1079-1555-2024-3605-4173-3379-2246-255-257-264-2410-427-9999-1435-1444-1445-1371,False,6,0,"['1080', '1544', '1546', '1368', '1367', '1370']","[""רמב''ן/אבן עזרא"", ""קק''ל/אוסישקין"", 'אוסישקין/נרקיס', 'מחנה עופרית/מרטין בובר', 'אקדמיה בצלאל/מרטין בובר', 'מסוף הר הצופים/מרטין בובר']",[],True,17_direction_A_cluster_1,blocked,False
17,direction_A,14,1,45,9995-6124-3027-3004-9975-3561-9882-3245-5891-3668-5923-3246-3249-3250-2922-1586-1525-1526-949-1054-1575-1484-1079-1080-1544-1546-1555-2024-3605-4173-3379-2246-255-257-264-2410-427-9999-1435-1444-1445-1371-1368-1367-1370,False,2,0,"['6004', '6081']","[""אריה דולצ'ין/יעקב צור"", ""דולצ'ין/נחמיה""]",[],False,,regular,False
17,direction_B,0,618,49,1366-1365-1369-1431-1434-394-2412-2411-263-256-254-246-2898-492-2896-3034-2364-2836-9863-3541-1570-1574-1554-1545-1081-1077-1073-1523-978-1512-1539-2930-3243-3346-3347-3348-3349-9994-3244-1278-3350-9880-3023-5955-3025-3026-3152-3024-3005,True,0,0,[],[],[],True,,regular,True
17,direction_B,1,34,46,1366-1365-1369-1431-1434-394-2412-2411-263-256-254-246-2898-492-2896-3034-2364-2836-9863-3541-1570-1574-1554-1545-1523-978-1512-1539-2930-3243-3346-3347-3348-3349-9994-3244-1278-3350-9880-3023-5955-3025-3026-3152-3024-3005,False,3,0,"['1081', '1077', '1073']","['Unknown(1081)', 'Unknown(1077)', 'Unknown(1073)']",[],True,,regular,False
17,direction_B,2,32,44,1366-1365-1369-1431-1434-394-2412-2411-263-256-254-246-2898-492-2896-3034-2364-2836-9863-3541-1570-1574-1523-978-1512-1539-2930-3243-3346-3347-3348-3349-9994-3244-1278-3350-9880-3023-5955-3025-3026-3152-3024-3005,False,5,0,"['1554', '1545', '1081', '1077', '1073']","['Unknown(1554)', 'Unknown(1545)', 'Unknown(1081)', 'Unknown(1077)', 'Unknown(1073)']",[],True,17_direction_B_cluster_1,blocked,False
17,direction_B,3,10,48,1366-1365-1369-1431-1434-394-2412-2411-263-256-254-246-2898-492-2896-3034-2364-2836-9863-3541-1570-1574-1554-1545-1081-1077-1523-978-1512-1539-2930-3243-3346-3347-3348-3349-9994-3244-1278-3350-9880-3023-5955-3025-3026-3152-3024-3005,False,1,0,['1073'],['Unknown(1073)'],[],True,,regular,False
17,direction_B,4,4,48,1366-1369-1431-1434-394-2412-2411-263-256-254-246-2898-492-2896-3034-2364-2836-9863-3541-1570-1574-1554-1545-1081-1077-1073-1523-978-1512-1539-2930-3243-3346-3347-3348-3349-9994-3244-1278-3350-9880-3023-5955-3025-3026-3152-3024-3005,False,1,0,['1365'],['Unknown(1365)'],[],False,,regular,False
17,direction_B,5,2,47,1366-1365-1369-1431-1434-394-2412-2411-263-256-254-246-2898-492-2896-3034-2364-2836-9863-3541-1570-1574-1554-1545-1081-1523-978-1512-1539-2930-3243-3346-3347-3348-3349-9994-3244-1278-3350-9880-3023-5955-3025-3026-3152-3024-3005,False,2,0,"['1077', '1073']","['Unknown(1077)', 'Unknown(1073)']",[],False,,regular,False
17,direction_B,6,2,46,1366-1365-1369-394-2412-2411-263-256-254-246-2898-492-2896-3034-2364-2836-9863-3541-1570-1574-1554-1545-1081-1077-1523-978-1512-1539-2930-3243-3346-3347-3348-3349-9994-3244-1278-3350-9880-3023-5955-3025-3026-3152-3024-3005,False,3,0,"['1431', '1434', '1073']","['Unknown(1431)', 'Unknown(1434)', 'Unknown(1073)']",[],False,,regular,False
17,direction_B,7,2,44,1366-1365-1369-1431-1434-394-2412-2898-492-2896-3034-2364-2836-9863-3541-1570-1574-1554-1545-1081-1077-1073-1523-978-1512-1539-2930-3243-3346-3347-3348-3349-9994-3244-1278-3350-9880-3023-5955-3025-3026-3152-3024-3005,False,5,0,"['2411', '263', '256', '254', '246']","['Unknown(2411)', 'Unknown(263)', 'Unknown(256)', 'Unknown(254)', 'Unknown(246)']",[],False,17_direction_B_cluster_2,blocked,False
17,direction_B,8,1,48,1366-1365-1369-1431-1434-394-2412-2411-263-256-254-246-2898-492-2896-3034-2364-2836-9863-3541-1570-1574-1545-1081-1077-1073-1523-978-1512-1539-2930-3243-3346-3347-3348-3349-9994-3244-1278-3350-9880-3023-5955-3025-3026-3152-3024-3005,False,1,0,['1554'],['Unknown(1554)'],[],False,,regular,False
17,direction_B,9,1,43,1366-1369-1431-1434-394-2412-2411-263-256-254-246-2898-492-2896-3034-2364-2836-9863-3541-1570-1574-1523-978-1512-1539-2930-3243-3346-3347-3348-3349-9994-3244-1278-3350-9880-3023-5955-3025-3026-3152-3024-3005,False,6,0,"['1365', '1554', '1545', '1081', '1077', '1073']","['Unknown(1365)', 'Unknown(1554)', 'Unknown(1545)', 'Unknown(1081)', 'Unknown(1077)', 'Unknown(1073)']",[],False,17_direction_B_cluster_1,blocked,False
17,direction_B,10,1,43,1366-1365-1369-1431-1434-394-2898-492-2896-3034-2364-2836-9863-3541-1570-1574-1554-1545-1081-1077-1073-1523-978-1512-1539-2930-3243-3346-3347-3348-3349-9994-3244-1278-3350-9880-3023-5955-3025-3026-3152-3024-3005,False,6,0,"['2412', '2411', '263', '256', '254', '246']","['Unknown(2412)', 'Unknown(2411)', 'Unknown(263)', 'Unknown(256)', 'Unknown(254)', 'Unknown(246)']",[],False,17_direction_B_cluster_2,blocked,False
17,direction_B,11,1,48,1366-1365-1369-1431-1434-394-2412-2411-263-256-254-246-2898-492-2896-3034-2364-2836-9863-3541-1570-1574-1554-1545-1081-1073-1523-978-1512-1539-2930-3243-3346-3347-3348-3349-9994-3244-1278-3350-9880-3023-5955-3025-3026-3152-3024-3005,False,1,0,['1077'],['Unknown(1077)'],[],False,,regular,False
17,direction_B,12,1,48,1366-1365-1369-1431-1434-394-2412-2411-263-256-254-246-2898-492-2896-3034-2364-2836-9863-3541-1570-1574-1554-1545-1077-1073-1523-978-1512-1539-2930-3243-3346-3347-3348-3349-9994-3244-1278-3350-9880-3023-5955-3025-3026-3152-3024-3005,False,1,0,['1081'],['Unknown(1081)'],[],False,,regular,False
17,direction_B,13,1,46,1366-1365-1369-1431-1434-394-2412-2411-263-2898-492-2896-3034-2364-2836-9863-3541-1570-1574-1554-1545-1081-1077-1073-1523-978-1512-1539-2930-3243-3346-3347-3348-3349-9994-3244-1278-3350-9880-3023-5955-3025-3026-3152-3024-3005,False,3,0,"['256', '254', '246']","['Unknown(256)', 'Unknown(254)', 'Unknown(246)']",[],False,,regular,False
17,direction_B,14,1,43,1366-1369-1431-1434-394-2412-2898-492-2896-3034-2364-2836-9863-3541-1570-1574-1554-1545-1081-1077-1073-1523-978-1512-1539-2930-3243-3346-3347-3348-3349-9994-3244-1278-3350-9880-3023-5955-3025-3026-3152-3024-3005,False,6,0,"['1365', '2411', '263', '256', '254', '246']","['Unknown(1365)', 'Unknown(2411)', 'Unknown(263)', 'Unknown(256)', 'Unknown(254)', 'Unknown(246)']",[],False,17_direction_B_cluster_2,blocked,False
17,direction_B,15,1,44,1365-1369-1431-1434-394-2412-2411-263-256-254-246-2898-492-2896-3034-2364-2836-9863-3541-1570-1574-1554-1545-1523-978-1512-1539-2930-3243-3346-3347-3348-3349-9994-3244-1278-3350-9880-3023-3025-3026-3152-3024-3005,False,5,0,"['1366', '1081', '1077', '1073', '5955']","['Unknown(1366)', 'Unknown(1081)', 'Unknown(1077)', 'Unknown(1073)', 'Unknown(5955)']",[],False,17_direction_B_cluster_1,blocked,False
17,direction_B,16,1,43,1365-1369-1431-1434-394-2412-2411-263-256-254-246-2898-492-2896-3034-2364-2836-9863-3541-1570-1574-1523-978-1512-1539-2930-3243-3346-3347-3348-3349-9994-3244-1278-3350-9880-3023-5955-3025-3026-3152-3024-3005,False,6,0,"['1366', '1554', '1545', '1081', '1077', '1073']","['Unknown(1366)', 'Unknown(1554)', 'Unknown(1545)', 'Unknown(1081)', 'Unknown(1077)', 'Unknown(1073)']",[],False,17_direction_B_cluster_1,blocked,False
9,direction_A,0,517,67,1507-3374-4216-4169-78-3242-4116-3629-2837-9938-2839-9940-4137-4106-4052-3057-1243-132-350-130-352-126-124-122-120-1247-116-113-111-110-108-3819-1343-9840-9841-3008-3607-3352-9863-3541-1570-1574-1554-1545-1543-1077-1072-1062-2407-1524-9918-9915-1836-5882-2402-2403-4181-2531-973-975-6094-950-951-1512-1539-222-2021,True,0,0,[],[],[],True,,regular,True
9,direction_A,1,353,67,1507-3374-4216-4169-78-3242-4116-3629-2837-9938-2839-9940-4137-4106-4052-3057-1243-132-350-130-352-126-124-122-120-1247-116-113-111-110-108-3819-1343-9840-9841-3008-3607-3352-9863-3541-1570-1574-1554-1545-1543-1077-1072-1062-2407-1524-9918-9915-1836-5882-2402-2403-4181-2531-973-975-6094-950-951-1512-1539-222-3093,False,1,1,['2021'],['Unknown(2021)'],['3093'],True,,regular,False
9,direction_A,2,23,64,1507-3374-4216-4169-78-3242-4116-3629-2837-9938-2839-9940-4137-4106-4052-3057-1243-132-350-130-352-126-124-122-120-1247-116-113-111-110-108-3819-1343-9840-9841-3008-3607-3352-9863-3541-1570-1574-1554-1545-1062-2407-1524-9918-9915-1836-5882-2402-2403-4181-2531-973-975-6094-950-951-1512-1539-222-2021,False,3,0,"['1543', '1077', '1072']","['Unknown(1543)', 'Unknown(1077)', 'Unknown(1072)']",[],True,,regular,False
9,direction_A,3,11,64,1507-3374-4216-4169-78-3242-4116-3629-2837-9938-2839-9940-4137-4106-4052-3057-1243-132-350-130-352-126-124-122-120-1247-116-113-111-110-108-3819-1343-9840-9841-3008-3607-3352-9863-3541-1570-1574-1554-1545-1062-2407-1524-9918-9915-1836-5882-2402-2403-4181-2531-973-975-6094-950-951-1512-1539-222-3093,False,4,1,"['1543', '1077', '1072', '2021']","['Unknown(1543)', 'Unknown(1077)', 'Unknown(1072)', 'Unknown(2021)']",['3093'],True,,regular,False
9,direction_A,4,5,62,1507-3374-4216-4169-78-3242-4116-3629-2837-9938-2839-9940-4137-4106-4052-3057-1243-132-350-130-352-126-124-122-120-1247-116-113-111-110-108-3819-1343-9840-9841-3008-3607-3352-9863-3541-1570-1574-1062-2407-1524-9918-9915-1836-5882-2402-2403-4181-2531-973-975-6094-950-951-1512-1539-222-3093,False,6,1,"['1554', '1545', '1543', '1077', '1072', '2021']","['Unknown(1554)', 'Unknown(1545)', 'Unknown(1543)', 'Unknown(1077)', 'Unknown(1072)', 'Unknown(2021)']",['3093'],True,,regular,False
9,direction_A,5,5,65,1507-3374-4216-4169-78-3242-4116-3629-2837-9938-2839-9940-4137-4106-4052-3057-1243-132-350-130-352-126-124-122-120-1247-116-113-111-110-108-3819-1343-9840-9841-3008-3607-3352-9863-3541-1570-1574-1554-1545-1543-1062-2407-1524-9918-9915-1836-5882-2402-2403-4181-2531-973-975-6094-950-951-1512-1539-222-3093,False,3,1,"['1077', '1072', '2021']","['Unknown(1077)', 'Unknown(1072)', 'Unknown(2021)']",['3093'],True,,regular,False
9,direction_A,6,2,66,1507-3374-4216-4169-78-3242-4116-3629-2837-9938-2839-9940-4137-4106-4052-3057-1243-132-350-130-352-126-124-122-120-1247-116-113-111-110-108-3819-1343-9840-9841-3008-3607-3352-9863-3541-1570-1574-1554-1545-1077-1072-1062-2407-1524-9918-9915-1836-5882-2402-2403-4181-2531-973-975-6094-950-951-1512-1539-222-2021,False,1,0,['1543'],['Unknown(1543)'],[],False,,regular,False
9,direction_A,7,2,61,1507-3374-4216-4169-78-3242-4116-3629-2837-9938-2839-9940-4137-4106-4052-3057-1243-132-350-130-352-126-124-122-120-1247-116-113-111-110-108-3819-1343-9840-9841-3008-3607-3352-9863-3541-1570-1574-1062-1524-9918-9915-1836-5882-2402-2403-4181-2531-973-975-6094-950-951-1512-1539-222-3093,False,7,1,"['1554', '1545', '1543', '1077', '1072', '2407', '2021']","['Unknown(1554)', 'Unknown(1545)', 'Unknown(1543)', 'Unknown(1077)', 'Unknown(1072)', 'Unknown(2407)', 'Unknown(2021)']",['3093'],False,9_direction_A_cluster_1,blocked,False
9,direction_A,8,2,65,1507-3374-4216-4169-78-3242-4116-3629-2837-9938-2839-9940-4137-4106-4052-3057-1243-132-350-130-352-126-124-122-120-1247-116-113-111-110-108-3819-1343-9840-9841-3008-3607-3352-9863-3541-1570-1574-1554-1545-1072-1062-2407-1524-9918-9915-1836-5882-2402-2403-4181-2531-973-975-6094-950-951-1512-1539-222-3093,False,3,1,"['1543', '1077', '2021']","['Unknown(1543)', 'Unknown(1077)', 'Unknown(2021)']",['3093'],False,,regular,False
9,direction_A,9,2,65,1507-3374-4216-4169-78-3242-4116-3629-2837-9938-2839-9940-4137-4106-4052-3057-1243-132-350-130-352-126-124-122-120-1247-116-113-111-110-108-3819-1343-9840-9841-3008-3607-3352-9863-3541-1570-1574-1554-1545-1072-1062-2407-1524-9918-9915-1836-5882-2402-2403-4181-2531-973-975-6094-950-951-1512-1539-222-2021,False,2,0,"['1543', '1077']","['Unknown(1543)', 'Unknown(1077)']",[],False,,regular,False
9,direction_A,10,1,66,1507-3374-4216-4169-78-3242-4116-3629-2837-9938-2839-9940-4137-4106-4052-3057-1243-132-350-130-352-126-124-122-120-1247-116-113-111-110-108-3819-1343-9840-9841-3008-3607-3352-9863-3541-1570-1574-1554-1545-1077-1072-1062-2407-1524-9918-9915-1836-5882-2402-2403-4181-2531-973-975-6094-950-951-1512-1539-222-3093,False,2,1,"['1543', '2021']","['Unknown(1543)', 'Unknown(2021)']",['3093'],False,,regular,False
9,direction_A,11,1,64,1507-3374-4216-4169-78-3242-4116-3629-2837-9938-2839-9940-4137-4106-4052-3057-1243-132-350-130-352-126-124-122-120-1247-116-113-111-110-108-3819-1343-9840-9841-3008-3607-3352-9863-3541-1570-1574-1554-1072-1062-2407-1524-9918-9915-1836-5882-2402-2403-4181-2531-973-975-6094-950-951-1512-1539-222-3093,False,4,1,"['1545', '1543', '1077', '2021']","['Unknown(1545)', 'Unknown(1543)', 'Unknown(1077)', 'Unknown(2021)']",['3093'],False,,regular,False
9,direction_A,12,1,65,1507-3374-4216-4169-78-3242-4116-3629-2837-9938-2839-9940-4137-4106-4052-3057-1243-132-350-130-352-126-124-122-120-1247-116-113-111-110-108-3819-1343-9840-9841-3008-3607-3352-9863-3541-1570-1574-1554-1077-1072-1062-2407-1524-9918-9915-1836-5882-2402-2403-4181-2531-973-975-6094-950-951-1512-1539-222-3093,False,3,1,"['1545', '1543', '2021']","['Unknown(1545)', 'Unknown(1543)', 'Unknown(2021)']",['3093'],False,,regular,False
9,direction_A,13,1,66,1507-4216-4169-78-3242-4116-3629-2837-9938-2839-9940-4137-4106-4052-3057-1243-132-350-130-352-126-124-122-120-1247-116-113-111-110-108-3819-1343-9840-9841-3008-3607-3352-9863-3541-1570-1574-1554-1545-1543-1077-1072-1062-2407-1524-9918-9915-1836-5882-2402-2403-4181-2531-973-975-6094-950-951-1512-1539-222-2021,False,1,0,['3374'],['Unknown(3374)'],[],False,,regular,False
9,direction_A,14,1,63,1507-3374-4216-4169-78-3242-4116-3629-2837-9938-2839-9940-4137-4106-4052-3057-1243-132-350-130-352-126-124-122-120-1247-116-113-111-110-108-3819-1343-9840-9841-3008-3607-3352-9863-3541-1570-1574-1545-1062-2407-1524-9918-9915-1836-5882-2402-2403-4181-2531-973-975-6094-950-951-1512-1539-222-2021,False,4,0,"['1554', '1543', '1077', '1072']","['Unknown(1554)', 'Unknown(1543)', 'Unknown(1077)', 'Unknown(1072)']",[],False,,regular,False
9,direction_A,15,1,66,1507-3374-4216-4169-78-3242-4116-3629-2837-9938-2839-9940-4137-4106-4052-3057-1243-132-350-130-352-126-124-122-120-1247-116-113-111-110-108-3819-1343-9840-9841-3008-3607-3352-9863-3541-1570-1574-1554-1543-1077-1072-1062-2407-1524-9918-9915-1836-5882-2402-2403-4181-2531-973-975-6094-950-951-1512-1539-222-2021,False,1,0,['1545'],['Unknown(1545)'],[],False,,regular,False
9,direction_A,16,1,63,1507-3374-4216-4169-78-3242-4116-3629-2837-9938-2839-9940-4137-4106-4052-3057-1243-132-350-130-352-126-124-122-120-1247-116-113-111-110-108-3819-1343-9840-9841-3008-3607-3352-9863-3541-1570-1574-1554-1062-2407-1524-9918-9915-1836-5882-2402-2403-4181-2531-973-975-6094-950-951-1512-1539-222-2021,False,4,0,"['1545', '1543', '1077', '1072']","['Unknown(1545)', 'Unknown(1543)', 'Unknown(1077)', 'Unknown(1072)']",[],False,,regular,False
9,direction_A,17,1,65,1507-3374-4216-4169-78-3242-4116-3629-2837-9938-2839-9940-4137-4106-4052-3057-1243-132-350-130-352-126-124-122-120-1247-116-113-111-110-108-3819-1343-9840-9841-3008-3607-3352-9863-3541-1570-1574-1543-1077-1072-1062-2407-1524-9918-9915-1836-5882-2402-2403-4181-2531-973-975-6094-950-951-1512-1539-222-3093,False,3,1,"['1554', '1545', '2021']","['Unknown(1554)', 'Unknown(1545)', 'Unknown(2021)']",['3093'],False,,regular,False
9,direction_A,18,1,62,1507-3374-4216-4169-78-3242-4116-3629-2837-9938-2839-9940-4137-4106-4052-3057-1243-132-350-130-352-126-124-122-120-1247-116-113-111-110-108-3819-1343-9840-9841-3008-3607-3352-9863-3541-1570-1574-1077-1062-2407-1524-9918-9915-1836-5882-2402-2403-4181-2531-973-975-6094-950-951-1512-1539-222,False,5,0,"['1554', '1545', '1543', '1072', '2021']","['Unknown(1554)', 'Unknown(1545)', 'Unknown(1543)', 'Unknown(1072)', 'Unknown(2021)']",[],False,,regular,False
9,direction_A,19,1,60,1507-3374-4216-4169-78-3242-4116-3629-2837-9938-2839-9940-4137-4106-4052-3057-1243-132-350-130-352-126-124-122-120-1247-116-113-111-110-108-3819-1343-9840-9841-3008-3607-3352-9863-3541-1570-1574-1554-1545-1543-1077-1072-1062-2407-4181-2531-973-975-6094-950-951-1512-1539-222-2021,False,7,0,"['1524', '9918', '9915', '1836', '5882', '2402', '2403']","['Unknown(1524)', 'Unknown(9918)', 'Unknown(9915)', 'Unknown(1836)', 'Unknown(5882)', 'Unknown(2402)', 'Unknown(2403)']",[],False,9_direction_A_cluster_2,blocked,False
9,direction_A,20,1,66,1507-3374-4216-4169-78-3242-4116-3629-2837-9938-2839-9940-4137-4106-4052-3057-1243-132-350-130-352-126-124-122-120-1247-116-113-111-110-108-3819-1343-9840-9841-3008-3607-3352-9863-3541-1570-1574-1554-1545-1543-1077-1062-2407-1524-9918-9915-1836-5882-2402-2403-4181-2531-973-975-6094-950-951-1512-1539-222-2021,False,1,0,['1072'],['Unknown(1072)'],[],False,,regular,False
9,direction_A,21,1,63,1507-3374-4216-4169-78-3242-4116-3629-2837-9938-2839-9940-4137-4106-4052-3057-1243-132-350-130-352-126-124-122-120-1247-116-113-111-110-108-3819-1343-9840-9841-3008-3607-3352-9863-3541-1570-1574-1554-1062-2407-1524-9918-9915-1836-5882-2402-2403-4181-2531-973-975-6094-950-951-1512-1539-222-3093,False,5,1,"['1545', '1543', '1077', '1072', '2021']","['Unknown(1545)', 'Unknown(1543)', 'Unknown(1077)', 'Unknown(1072)', 'Unknown(2021)']",['3093'],False,,regular,False
9,direction_B,0,493,63,5853-202-1586-1525-947-948-952-953-954-9911-2401-1948-6128-1836-6133-1522-1787-1060-1484-1079-1080-1544-1546-1555-2024-9862-6134-1601-5886-4037-3677-1332-3820-5985-2811-109-112-3859-115-117-119-121-123-125-127-129-9935-1245-1246-6106-2761-2762-2837-9938-2839-9940-4075-4133-84-1327-1467-1106-800,True,0,0,[],[],[],True,,regular,True
9,direction_B,1,246,63,1711-6189-202-1586-1525-947-948-952-953-954-2401-1948-6128-1836-6133-1522-1787-1060-1484-1079-1080-1544-1546-1555-2024-9862-6134-1601-5886-4037-3677-1332-3820-5985-2811-109-112-3859-115-117-119-121-123-125-127-129-9935-1245-1246-6106-2761-2762-2837-9938-2839-9940-4075-4133-84-1327-1467-1106-800,False,2,2,"['5853', '9911']","['Unknown(5853)', 'Unknown(9911)']","['1711', '6189']",True,,regular,False
9,direction_B,2,43,56,5853-202-1586-1525-947-948-952-953-954-9911-2401-1948-6128-1836-6133-1522-1555-2024-9862-6134-1601-5886-4037-3677-1332-3820-5985-2811-109-112-3859-115-117-119-121-123-125-127-129-9935-1245-1246-6106-2761-2762-2837-9938-2839-9940-4075-4133-84-1327-1467-1106-800,False,7,0,"['1787', '1060', '1484', '1079', '1080', '1544', '1546']","['Unknown(1787)', 'Unknown(1060)', ""עזה/רד''ק"", 'עזה/בלפור', ""רמב''ן/אבן עזרא"", ""קק''ל/אוסישקין"", 'אוסישקין/נרקיס']",[],True,9_direction_B_cluster_1,blocked,False
9,direction_B,3,37,64,1711-6189-202-1586-1525-947-948-952-953-954-9911-2401-1948-6128-1836-6133-1522-1787-1060-1484-1079-1080-1544-1546-1555-2024-9862-6134-1601-5886-4037-3677-1332-3820-5985-2811-109-112-3859-115-117-119-121-123-125-127-129-9935-1245-1246-6106-2761-2762-2837-9938-2839-9940-4075-4133-84-1327-1467-1106-800,False,1,2,['5853'],['Unknown(5853)'],"['1711', '6189']",True,,regular,False
9,direction_B,4,11,56,1711-6189-202-1586-1525-947-948-952-953-954-2401-1948-6128-1836-6133-1522-1555-2024-9862-6134-1601-5886-4037-3677-1332-3820-5985-2811-109-112-3859-115-117-119-121-123-125-127-129-9935-1245-1246-6106-2761-2762-2837-9938-2839-9940-4075-4133-84-1327-1467-1106-800,False,9,2,"['5853', '9911', '1787', '1060', '1484', '1079', '1080', '1544', '1546']","['Unknown(5853)', 'Unknown(9911)', 'Unknown(1787)', 'Unknown(1060)', ""עזה/רד''ק"", 'עזה/בלפור', ""רמב''ן/אבן עזרא"", ""קק''ל/אוסישקין"", 'אוסישקין/נרקיס']","['1711', '6189']",True,9_direction_B_cluster_1,blocked,False
9,direction_B,5,1,61,5853-202-1586-1525-947-948-952-953-954-9911-2401-1948-6128-1836-6133-1522-1787-1060-1484-1079-1080-1555-2024-9862-6134-1601-5886-4037-3677-1332-3820-5985-2811-109-112-3859-115-117-119-121-123-125-127-129-9935-1245-1246-6106-2761-2762-2837-9938-2839-9940-4075-4133-84-1327-1467-1106-800,False,2,0,"['1544', '1546']","[""קק''ל/אוסישקין"", 'אוסישקין/נרקיס']",[],False,,regular,False
9,direction_B,6,1,60,5853-202-1586-1525-947-948-952-953-954-9911-2401-1948-6128-1836-6133-1522-1787-1080-1544-1546-1555-2024-9862-6134-1601-5886-4037-3677-1332-3820-5985-2811-109-112-3859-115-117-119-121-123-125-127-129-9935-1245-1246-6106-2761-2762-2837-9938-2839-9940-4075-4133-84-1327-1467-1106-800,False,3,0,"['1060', '1484', '1079']","['Unknown(1060)', ""עזה/רד''ק"", 'עזה/בלפור']",[],False,,regular,False
9,direction_B,7,1,60,1711-6189-202-1586-1525-947-948-952-953-954-2401-1948-6128-1836-6133-1522-1787-1080-1544-1546-1555-2024-9862-6134-1601-5886-4037-3677-1332-3820-5985-2811-109-112-3859-115-117-119-121-123-125-127-129-9935-1245-1246-6106-2761-2762-2837-9938-2839-9940-4075-4133-84-1327-1467-1106-800,False,5,2,"['5853', '9911', '1060', '1484', '1079']","['Unknown(5853)', 'Unknown(9911)', 'Unknown(1060)', ""עזה/רד''ק"", 'עזה/בלפור']","['1711', '6189']",False,,regular,False
9,direction_B,8,1,58,5853-202-1586-1525-947-948-952-953-954-9911-2401-1948-6128-1836-6133-1522-1787-1060-1555-2024-9862-6134-1601-5886-4037-3677-1332-3820-5985-2811-109-112-3859-115-117-119-121-123-125-127-129-9935-1245-1246-6106-2761-2762-2837-9938-2839-9940-4075-4133-84-1327-1467-1106-800,False,5,0,"['1484', '1079', '1080', '1544', '1546']","[""עזה/רד''ק"", 'עזה/בלפור', ""רמב''ן/אבן עזרא"", ""קק''ל/אוסישקין"", 'אוסישקין/נרקיס']",[],False,,regular,False
9,direction_B,9,1,62,5853-202-1586-1525-947-948-952-953-954-9911-2401-1948-6128-1836-6133-1522-1060-1484-1079-1080-1544-1546-1555-2024-9862-6134-1601-5886-4037-3677-1332-3820-5985-2811-109-112-3859-115-117-119-121-123-125-127-129-9935-1245-1246-6106-2761-2762-2837-9938-2839-9940-4075-4133-84-1327-1467-1106-800,False,1,0,['1787'],['Unknown(1787)'],[],False,,regular,False
9,direction_B,10,1,62,5853-202-1586-1525-947-948-952-953-954-9911-2401-1948-6128-1836-6133-1522-1787-1060-1484-1080-1544-1546-1555-2024-9862-6134-1601-5886-4037-3677-1332-3820-5985-2811-109-112-3859-115-117-119-121-123-125-127-129-9935-1245-1246-6106-2761-2762-2837-9938-2839-9940-4075-4133-84-1327-1467-1106-800,False,1,0,['1079'],['עזה/בלפור'],[],False,,regular,False
97,direction_A,0,1133,30,1507-3374-463-800-3375-3103-1729-1913-1522-1787-1060-1484-1079-2946-1083-1058-1051-1047-1042-1858-1258-1407-1707-1011-2568-2567-1007-2766-2276-5912,True,0,0,[],[],[],True,,regular,True
97,direction_A,1,22,26,1507-3374-463-800-3375-3103-1729-1913-1522-2946-1083-1058-1051-1047-1042-1858-1258-1407-1707-1011-2568-2567-1007-2766-2276-5912,False,4,0,"['1787', '1060', '1484', '1079']","['Unknown(1787)', 'Unknown(1060)', ""עזה/רד''ק"", 'עזה/בלפור']",[],True,97_direction_A_cluster_1,blocked,False
97,direction_A,2,15,29,1507-3374-463-800-3375-3103-1729-1913-1522-1787-1484-1079-2946-1083-1058-1051-1047-1042-1858-1258-1407-1707-1011-2568-2567-1007-2766-2276-5912,False,1,0,['1060'],['Unknown(1060)'],[],True,,regular,False
97,direction_A,3,7,26,1507-3374-463-800-3375-1787-1060-1484-1079-2946-1083-1058-1051-1047-1042-1858-1258-1407-1707-1011-2568-2567-1007-2766-2276-5912,False,4,0,"['3103', '1729', '1913', '1522']","['Unknown(3103)', 'Unknown(1729)', 'Unknown(1913)', 'Unknown(1522)']",[],True,97_direction_A_cluster_1,blocked,False
97,direction_A,4,4,22,1507-3374-463-800-3375-2946-1083-1058-1051-1047-1042-1858-1258-1407-1707-1011-2568-2567-1007-2766-2276-5912,False,8,0,"['3103', '1729', '1913', '1522', '1787', '1060', '1484', '1079']","['Unknown(3103)', 'Unknown(1729)', 'Unknown(1913)', 'Unknown(1522)', 'Unknown(1787)', 'Unknown(1060)', ""עזה/רד''ק"", 'עזה/בלפור']",[],False,97_direction_A_cluster_1,blocked,False
97,direction_A,5,2,27,1507-3374-463-800-3375-3103-1787-1060-1484-1079-2946-1083-1058-1051-1047-1042-1858-1258-1407-1707-1011-2568-2567-1007-2766-2276-5912,False,3,0,"['1729', '1913', '1522']","['Unknown(1729)', 'Unknown(1913)', 'Unknown(1522)']",[],False,97_direction_A_cluster_1,blocked,False
97,direction_A,6,2,25,1507-3374-463-800-3375-3103-1729-1913-2946-1083-1058-1051-1047-1042-1858-1258-1407-1707-1011-2568-2567-1007-2766-2276-5912,False,5,0,"['1522', '1787', '1060', '1484', '1079']","['Unknown(1522)', 'Unknown(1787)', 'Unknown(1060)', ""עזה/רד''ק"", 'עזה/בלפור']",[],False,97_direction_A_cluster_1,blocked,False
97,direction_A,7,2,29,1507-3374-463-800-3375-3103-1729-1913-1522-1787-1060-1484-2946-1083-1058-1051-1047-1042-1858-1258-1407-1707-1011-2568-2567-1007-2766-2276-5912,False,1,0,['1079'],['עזה/בלפור'],[],False,,regular,False
97,direction_A,8,2,29,1507-3374-463-800-3375-3103-1729-1913-1522-1787-1060-1079-2946-1083-1058-1051-1047-1042-1858-1258-1407-1707-1011-2568-2567-1007-2766-2276-5912,False,1,0,['1484'],"[""עזה/רד''ק""]",[],False,,regular,False
97,direction_A,9,2,24,1507-3374-463-800-3375-3103-1729-1913-1522-1058-1051-1047-1042-1858-1258-1407-1707-1011-2568-2567-1007-2766-2276-5912,False,6,0,"['1787', '1060', '1484', '1079', '2946', '1083']","['Unknown(1787)', 'Unknown(1060)', ""עזה/רד''ק"", 'עזה/בלפור', 'Unknown(2946)', 'Unknown(1083)']",[],False,97_direction_A_cluster_1,blocked,False
97,direction_A,10,1,28,1507-3374-463-800-3375-3103-1729-1913-1522-1787-1060-2946-1083-1058-1051-1047-1042-1858-1258-1407-1707-1011-2568-2567-1007-2766-2276-5912,False,2,0,"['1484', '1079']","[""עזה/רד''ק"", 'עזה/בלפור']",[],False,,regular,False
97,direction_A,11,1,27,1507-3374-463-800-3375-3103-1729-1913-1522-1787-2946-1083-1058-1051-1047-1042-1858-1258-1407-1707-1011-2568-2567-1007-2766-2276-5912,False,3,0,"['1060', '1484', '1079']","['Unknown(1060)', ""עזה/רד''ק"", 'עזה/בלפור']",[],False,97_direction_A_cluster_1,blocked,False
97,direction_A,12,1,23,1507-3374-463-800-3375-3103-1729-1913-1522-1051-1047-1042-1858-1258-1407-1707-1011-2568-2567-1007-2766-2276-5912,False,7,0,"['1787', '1060', '1484', '1079', '2946', '1083', '1058']","['Unknown(1787)', 'Unknown(1060)', ""עזה/רד''ק"", 'עזה/בלפור', 'Unknown(2946)', 'Unknown(1083)', 'Unknown(1058)']",[],False,97_direction_A_cluster_1,blocked,False
97,direction_A,13,1,20,1507-3374-463-800-3375-3103-1729-1913-1522-1858-1258-1407-1707-1011-2568-2567-1007-2766-2276-5912,False,10,0,"['1787', '1060', '1484', '1079', '2946', '1083', '1058', '1051', '1047', '1042']","['Unknown(1787)', 'Unknown(1060)', ""עזה/רד''ק"", 'עזה/בלפור', 'Unknown(2946)', 'Unknown(1083)', 'Unknown(1058)', 'Unknown(1051)', 'Unknown(1047)', 'Unknown(1042)']",[],False,97_direction_A_cluster_1,blocked,False
97,direction_A,14,1,22,1507-3374-463-800-3375-3103-1729-1913-1522-1047-1042-1858-1258-1407-1707-1011-2568-2567-1007-2766-2276-5912,False,8,0,"['1787', '1060', '1484', '1079', '2946', '1083', '1058', '1051']","['Unknown(1787)', 'Unknown(1060)', ""עזה/רד''ק"", 'עזה/בלפור', 'Unknown(2946)', 'Unknown(1083)', 'Unknown(1058)', 'Unknown(1051)']",[],False,97_direction_A_cluster_1,blocked,False
97,direction_A,15,1,28,1507-3374-463-800-3375-3103-1522-1787-1060-1484-1079-2946-1083-1058-1051-1047-1042-1858-1258-1407-1707-1011-2568-2567-1007-2766-2276-5912,False,2,0,"['1729', '1913']","['Unknown(1729)', 'Unknown(1913)']",[],False,,regular,False
97,direction_A,16,1,27,1507-3374-463-800-3375-3103-1729-1913-1522-1079-2946-1083-1058-1051-1047-1042-1858-1258-1407-1707-1011-2568-2567-1007-2766-2276-5912,False,3,0,"['1787', '1060', '1484']","['Unknown(1787)', 'Unknown(1060)', ""עזה/רד''ק""]",[],False,97_direction_A_cluster_1,blocked,False
97,direction_A,17,1,23,1507-3374-463-800-3375-1079-2946-1083-1058-1051-1047-1042-1858-1258-1407-1707-1011-2568-2567-1007-2766-2276-5912,False,7,0,"['3103', '1729', '1913', '1522', '1787', '1060', '1484']","['Unknown(3103)', 'Unknown(1729)', 'Unknown(1913)', 'Unknown(1522)', 'Unknown(1787)', 'Unknown(1060)', ""עזה/רד''ק""]",[],False,97_direction_A_cluster_1,blocked,False
97,direction_A,18,1,29,1507-3374-463-800-3375-3103-1729-1913-1787-1060-1484-1079-2946-1083-1058-1051-1047-1042-1858-1258-1407-1707-1011-2568-2567-1007-2766-2276-5912,False,1,0,['1522'],['Unknown(1522)'],[],False,,regular,False
97,direction_A,19,1,28,1507-3374-463-800-3375-3103-1729-1913-1522-1484-1079-2946-1083-1058-1051-1047-1042-1858-1258-1407-1707-1011-2568-2567-1007-2766-2276-5912,False,2,0,"['1787', '1060']","['Unknown(1787)', 'Unknown(1060)']",[],False,,regular,False
97,direction_A,20,1,29,1507-3374-463-800-3375-3103-1729-1913-1522-1787-1060-1484-1079-2946-1083-1058-1051-1047-1042-1858-1258-1407-1707-1011-2568-2567-1007-2766-5912,False,1,0,['2276'],['Unknown(2276)'],[],False,,regular,False
97,direction_A,21,1,28,463-800-3375-3103-1729-1913-1522-1787-1060-1484-1079-2946-1083-1058-1051-1047-1042-1858-1258-1407-1707-1011-2568-2567-1007-2766-2276-5912,False,2,0,"['1507', '3374']","['Unknown(1507)', 'Unknown(3374)']",[],False,,regular,False
97,direction_B,0,1151,34,5912-3823-2767-1029-1030-2763-1861-1010-1199-1392-2540-1255-1028-1856-1260-1044-1048-1056-1957-1081-1077-1072-1062-2407-1524-1911-3109-3111-3108-221-3374-4216-4218-800,True,0,0,[],[],[],True,,regular,True
97,direction_B,1,19,32,5912-3823-2767-1029-1030-2763-1861-1010-1199-1392-2540-1255-1028-1856-1260-1044-1048-1056-1957-1081-1062-2407-1524-1911-3109-3111-3108-221-3374-4216-4218-800,False,2,0,"['1077', '1072']","['Unknown(1077)', 'Unknown(1072)']",[],True,,regular,False
97,direction_B,2,8,32,5912-3823-2767-1029-1030-2763-1861-1010-1199-1392-2540-1255-1028-1856-1260-1044-1048-1056-1957-1081-1077-1072-1062-2407-1524-1911-3108-221-3374-4216-4218-800,False,2,0,"['3109', '3111']","['Unknown(3109)', 'Unknown(3111)']",[],True,,regular,False
97,direction_B,3,8,25,5912-3823-2767-1029-1030-2763-1861-1010-1199-1392-2540-1255-1028-1856-1260-1044-1048-1056-1957-3108-221-3374-4216-4218-800,False,9,0,"['1081', '1077', '1072', '1062', '2407', '1524', '1911', '3109', '3111']","['Unknown(1081)', 'Unknown(1077)', 'Unknown(1072)', 'Unknown(1062)', 'Unknown(2407)', 'Unknown(1524)', 'Unknown(1911)', 'Unknown(3109)', 'Unknown(3111)']",[],True,97_direction_B_cluster_1,blocked,False
97,direction_B,4,7,33,5912-3823-2767-1029-1030-2763-1861-1010-1199-1392-2540-1255-1028-1856-1260-1044-1048-1056-1957-1081-1077-1072-1062-2407-1524-1911-3109-3111-3108-221-3374-4218-800,False,1,0,['4216'],"[""גשר המיתרים/שד' הרצל""]",[],True,,regular,False
97,direction_B,5,7,30,5912-3823-2767-1029-1030-2763-1861-1010-1199-1392-2540-1255-1028-1856-1260-1044-1048-1056-1957-1081-1077-1072-1062-2407-1524-1911-3374-4216-4218-800,False,4,0,"['3109', '3111', '3108', '221']","['Unknown(3109)', 'Unknown(3111)', 'Unknown(3108)', 'Unknown(221)']",[],True,97_direction_B_cluster_1,blocked,False
97,direction_B,6,4,29,5912-3823-2767-1029-1030-2763-1861-1010-1199-1392-2540-1255-1028-1856-1260-1044-1048-1056-1957-1524-1911-3109-3111-3108-221-3374-4216-4218-800,False,5,0,"['1081', '1077', '1072', '1062', '2407']","['Unknown(1081)', 'Unknown(1077)', 'Unknown(1072)', 'Unknown(1062)', 'Unknown(2407)']",[],False,97_direction_B_cluster_1,blocked,False
97,direction_B,7,3,30,5912-3823-2767-1029-1030-2763-1861-1010-1199-1392-2540-1255-1028-1856-1260-1044-1048-1056-1957-2407-1524-1911-3109-3111-3108-221-3374-4216-4218-800,False,4,0,"['1081', '1077', '1072', '1062']","['Unknown(1081)', 'Unknown(1077)', 'Unknown(1072)', 'Unknown(1062)']",[],False,97_direction_B_cluster_1,blocked,False
97,direction_B,8,3,25,5912-3823-2767-1029-1030-2763-1861-1010-1199-1392-2540-1255-1028-1856-2407-1524-1911-3109-3111-3108-221-3374-4216-4218-800,False,9,0,"['1260', '1044', '1048', '1056', '1957', '1081', '1077', '1072', '1062']","['Unknown(1260)', 'Unknown(1044)', 'Unknown(1048)', 'Unknown(1056)', 'Unknown(1957)', 'Unknown(1081)', 'Unknown(1077)', 'Unknown(1072)', 'Unknown(1062)']",[],False,97_direction_B_cluster_1,blocked,False
97,direction_B,9,2,30,5912-3823-2767-1029-1030-2763-1861-1010-1199-1392-2540-1255-1028-1856-1260-1044-1048-1056-1957-1081-1062-2407-1524-1911-3108-221-3374-4216-4218-800,False,4,0,"['1077', '1072', '3109', '3111']","['Unknown(1077)', 'Unknown(1072)', 'Unknown(3109)', 'Unknown(3111)']",[],False,97_direction_B_cluster_1,blocked,False
97,direction_B,10,2,24,5912-3823-2767-1029-1030-2763-1861-1010-1199-1392-2540-1255-1028-1856-1260-1044-1048-1056-1957-3108-221-3374-4218-800,False,10,0,"['1081', '1077', '1072', '1062', '2407', '1524', '1911', '3109', '3111', '4216']","['Unknown(1081)', 'Unknown(1077)', 'Unknown(1072)', 'Unknown(1062)', 'Unknown(2407)', 'Unknown(1524)', 'Unknown(1911)', 'Unknown(3109)', 'Unknown(3111)', ""גשר המיתרים/שד' הרצל""]",[],False,97_direction_B_cluster_1,blocked,False
97,direction_B,11,1,31,5912-3823-2767-1029-1030-2763-1861-1010-1199-1392-2540-1255-1028-1856-1260-1044-1048-1056-1957-1081-1077-1072-1062-2407-1524-1911-221-3374-4216-4218-800,False,3,0,"['3109', '3111', '3108']","['Unknown(3109)', 'Unknown(3111)', 'Unknown(3108)']",[],False,,regular,False
97,direction_B,12,1,31,5912-3823-2767-1029-1030-2763-1861-1010-1199-1392-2540-1255-1028-1856-1260-1044-1048-1056-1957-1081-1077-1072-1062-2407-1524-1911-3109-3111-3108-221-3374,False,3,0,"['4216', '4218', '800']","[""גשר המיתרים/שד' הרצל"", 'Unknown(4218)', 'Unknown(800)']",[],False,,regular,False
97,direction_B,13,1,33,5912-3823-2767-1029-1030-2763-1861-1010-1199-1392-2540-1255-1028-1856-1260-1044-1048-1056-1957-1081-1077-1072-1062-2407-1524-1911-3111-3108-221-3374-4216-4218-800,False,1,0,['3109'],['Unknown(3109)'],[],False,,regular,False
97,direction_B,14,1,32,5912-3823-2767-1029-1030-2763-1861-1010-1199-1392-2540-1255-1028-1856-1260-1044-1048-1056-1957-1081-1077-1072-1062-2407-1524-3111-3108-221-3374-4216-4218-800,False,2,0,"['1911', '3109']","['Unknown(1911)', 'Unknown(3109)']",[],False,,regular,False
97,direction_B,15,1,30,5912-3823-2767-1029-1030-2763-1861-1010-1199-1392-2540-1255-1028-1856-1260-1044-1048-1056-1957-1081-1077-1072-1062-2407-1524-1911-3109-3111-3108-221,False,4,0,"['3374', '4216', '4218', '800']","['Unknown(3374)', ""גשר המיתרים/שד' הרצל"", 'Unknown(4218)', 'Unknown(800)']",[],False,97_direction_B_cluster_2,blocked,False
97,direction_B,16,1,28,5912-3823-2767-1029-1030-2763-1861-1010-1199-1392-2540-1255-1028-1856-1260-1044-1048-1056-1957-1081-1062-2407-3108-221-3374-4216-4218-800,False,6,0,"['1077', '1072', '1524', '1911', '3109', '3111']","['Unknown(1077)', 'Unknown(1072)', 'Unknown(1524)', 'Unknown(1911)', 'Unknown(3109)', 'Unknown(3111)']",[],False,97_direction_B_cluster_1,blocked,False
97,direction_B,17,1,30,5912-3823-2767-1029-1030-2763-1861-1010-1199-1392-2540-1255-1028-1856-1260-1044-1048-1056-1957-1081-1524-1911-3109-3111-3108-221-3374-4216-4218-800,False,4,0,"['1077', '1072', '1062', '2407']","['Unknown(1077)', 'Unknown(1072)', 'Unknown(1062)', 'Unknown(2407)']",[],False,97_direction_B_cluster_1,blocked,False
97,direction_B,18,1,30,5912-3823-2767-1029-1030-2763-1861-1010-1199-1392-2540-1255-1028-1856-1260-1044-1048-1056-1957-1081-1077-1072-1062-2407-3108-221-3374-4216-4218-800,False,4,0,"['1524', '1911', '3109', '3111']","['Unknown(1524)', 'Unknown(1911)', 'Unknown(3109)', 'Unknown(3111)']",[],False,97_direction_B_cluster_1,blocked,False
97,direction_B,19,1,33,5912-3823-2767-1029-1030-2763-1861-1010-1199-1392-2540-1255-1028-1856-1260-1044-1048-1056-1957-1081-1077-1072-2407-1524-1911-3109-3111-3108-221-3374-4216-4218-800,False,1,0,['1062'],['Unknown(1062)'],[],False,,regular,False
97,direction_B,20,1,33,5912-3823-2767-1029-2763-1861-1010-1199-1392-2540-1255-1028-1856-1260-1044-1048-1056-1957-1081-1077-1072-1062-2407-1524-1911-3109-3111-3108-221-3374-4216-4218-800,False,1,0,['1030'],['Unknown(1030)'],[],False,,regular,False
97,direction_B,21,1,31,5912-3823-2767-1029-1030-2763-1861-1010-1199-1392-2540-1255-1028-1856-1260-1044-1048-1056-1957-1081-1062-1524-1911-3109-3111-3108-221-3374-4216-4218-800,False,3,0,"['1077', '1072', '2407']","['Unknown(1077)', 'Unknown(1072)', 'Unknown(2407)']",[],False,,regular,False
97,direction_B,22,1,33,5912-3823-2767-1029-1030-2763-1861-1010-1199-1392-2540-1255-1028-1856-1260-1044-1048-1056-1957-1081-1077-1062-2407-1524-1911-3109-3111-3108-221-3374-4216-4218-800,False,1,0,['1072'],['Unknown(1072)'],[],False,,regular,False
14,direction_A,0,846,40,1507-3374-4216-463-800-3375-3103-1729-1913-981-6128-1836-6133-1522-2399-5979-2260-2261-1053-1038-1045-1049-5999-1785-1621-1205-1041-1042-1024-1025-1620-1015-1012-4249-2180-2791-6189-6100-9884-2923,True,0,0,[],[],[],True,,regular,True
14,direction_A,1,1,39,1507-3374-4216-463-800-3375-3103-1729-1913-981-6128-1836-6133-1522-2399-5979-2260-2261-1053-1038-1045-1049-5999-1621-1205-1041-1042-1024-1025-1620-1015-1012-4249-2180-2791-6189-6100-9884-2923,False,1,0,['1785'],['Unknown(1785)'],[],False,,regular,False
14,direction_A,2,1,38,1507-3374-4216-463-800-3375-1729-1913-981-1836-6133-1522-2399-5979-2260-2261-1053-1038-1045-1049-5999-1785-1621-1205-1041-1042-1024-1025-1620-1015-1012-4249-2180-2791-6189-6100-9884-2923,False,2,0,"['3103', '6128']","['Unknown(3103)', 'Unknown(6128)']",[],False,,regular,False
14,direction_A,3,1,39,1507-3374-4216-463-800-3375-3103-1729-1913-6128-1836-6133-1522-2399-5979-2260-2261-1053-1038-1045-1049-5999-1785-1621-1205-1041-1042-1024-1025-1620-1015-1012-4249-2180-2791-6189-6100-9884-2923,False,1,0,['981'],['Unknown(981)'],[],False,,regular,False
14,direction_A,4,1,38,1507-3374-4216-463-800-3375-3103-1729-1913-1836-6133-1522-2399-5979-2260-2261-1053-1038-1045-1049-5999-1785-1621-1205-1041-1042-1024-1025-1620-1015-1012-4249-2180-2791-6189-6100-9884-2923,False,2,0,"['981', '6128']","['Unknown(981)', 'Unknown(6128)']",[],False,,regular,False
14,direction_A,5,1,37,1507-3374-4216-463-800-3375-1729-1913-981-6133-1522-2399-5979-2260-2261-1053-1038-1045-1049-5999-1785-1621-1205-1041-1042-1024-1025-1620-1015-1012-4249-2180-2791-6189-6100-9884-2923,False,3,0,"['3103', '6128', '1836']","['Unknown(3103)', 'Unknown(6128)', 'Unknown(1836)']",[],False,,regular,False
14,direction_A,6,1,37,1507-3374-4216-463-800-3375-3103-1729-1913-6133-1522-2399-5979-2260-2261-1053-1038-1045-1049-5999-1785-1621-1205-1041-1042-1024-1025-1620-1015-1012-4249-2180-2791-6189-6100-9884-2923,False,3,0,"['981', '6128', '1836']","['Unknown(981)', 'Unknown(6128)', 'Unknown(1836)']",[],False,,regular,False
14,direction_A,7,1,34,1507-3374-4216-463-800-3375-1729-6133-2399-5979-2260-2261-1053-1038-1045-1049-5999-1785-1621-1205-1041-1042-1024-1025-1620-1015-1012-4249-2180-2791-6189-6100-9884-2923,False,6,0,"['3103', '1913', '981', '6128', '1836', '1522']","['Unknown(3103)', 'Unknown(1913)', 'Unknown(981)', 'Unknown(6128)', 'Unknown(1836)', 'Unknown(1522)']",[],False,14_direction_A_cluster_1,blocked,False
14,direction_A,8,1,36,1507-3374-4216-463-800-3375-3103-1729-1913-6133-2399-5979-2260-2261-1053-1038-1045-1049-5999-1785-1621-1205-1041-1042-1024-1025-1620-1015-1012-4249-2180-2791-6189-6100-9884-2923,False,4,0,"['981', '6128', '1836', '1522']","['Unknown(981)', 'Unknown(6128)', 'Unknown(1836)', 'Unknown(1522)']",[],False,14_direction_A_cluster_1,blocked,False
14,direction_B,0,992,35,2923-3093-2715-2181-9981-1629-962-1013-1017-1021-1022-1260-1043-1682-1046-1049-1040-1728-2591-4050-1039-2258-1524-9918-9915-1836-5882-2406-1911-3109-3111-3108-221-4216-4218,True,0,0,[],[],[],True,,regular,True
14,direction_B,1,4,34,2923-3093-2715-2181-9981-1629-962-1013-1017-1021-1022-1260-1043-1682-1046-1049-1040-1728-2591-4050-1039-2258-1524-9918-9915-1836-5882-2406-1911-3111-3108-221-4216-4218,False,1,0,['3109'],['Unknown(3109)'],[],False,,regular,False
14,direction_B,2,1,34,2923-3093-2715-2181-9981-1629-962-1013-1017-1021-1022-1260-1043-1682-1046-1049-1040-1728-2591-4050-1039-2258-1524-9915-1836-5882-2406-1911-3109-3111-3108-221-4216-4218,False,1,0,['9918'],['Unknown(9918)'],[],False,,regular,False
14,direction_B,3,1,31,2923-3093-2715-2181-9981-1629-962-1013-1017-1021-1022-1260-1043-1682-1046-1049-1040-1728-2591-4050-1039-2258-1524-9918-1911-3109-3111-3108-221-4216-4218,False,4,0,"['9915', '1836', '5882', '2406']","['Unknown(9915)', 'Unknown(1836)', 'Unknown(5882)', 'Unknown(2406)']",[],False,14_direction_B_cluster_1,blocked,False
